-10 80 -50 20
-6 0 0
70 -35 -1.5707963267948966
2063
-10 -3.4770992777154892 27.350559051271755 -33.489993446397925 -9.8000000000000007 -3.4850934724800777
26.999833682462221 -24.092036732051199 26.999976021803832 -23.892036732051196 7.200000000000002 -3.9855959450065455
26.999976021803832 -23.892036732051196 26.999990370014373 -23.692036732051193 7.4000000000000021 -3.9874400990241865
-8.600000000000005 -3.533067111365602 -8.8000000000000043 -3.5250807335605221 27.288322393849736 -33.235043730530208
-7.8000000000000069 -3.5649075635368215 -8.0000000000000071 -3.5569672882626975 27.231125911648892 -32.979023460918476
-7.2000000000000064 -3.5886205845873169 -7.4000000000000066 -3.5807362377262053 27.231125911648892 -32.979023460918476
-6.4000000000000057 -3.6199110148811089 -6.6000000000000059 -3.6121294630108225 27.178985857110732 -32.722030561447752
-5.8000000000000052 -3.6430635627618972 -6.0000000000000053 -3.6353800447502289 27.131916636691646 -32.464163115053886
-5.0000000000000044 -3.6734118741499495 -5.2000000000000046 -3.6658865554759639 27.08993081324158 -32.20551933103777
-4.2000000000000037 -3.7030501329157568 -4.4000000000000039 -3.6957138267650209 27.053039108879005 -31.946197512617694
-3.2000000000000033 -3.7389148824348357 -3.4000000000000035 -3.7318569821830452 27.021250408350951 -31.686296024723941
-2.4000000000000026 -3.7665170441514504 -2.6000000000000028 -3.7597144693666129 26.994571762866673 -31.425913262039266
-1.4000000000000021 -3.7994723065547471 -1.6000000000000021 -3.7930279246221845 26.973008394394036 -31.165147617288561
-0.4000000000000023 -3.830511968176856 -0.60000000000000231 -3.8244670011488049 26.956563700407489 -30.904097449780323
0.59999999999999776 -3.8594374811095067 0.39999999999999775 -3.853830596145861 26.939034834887565 -30.381536629673835
1.5999999999999976 -3.8860638207812879 1.3999999999999977 -3.8809308828117293 26.937948384678176 -30.120222249054521
2.3999999999999977 -3.9055945117943289 2.1999999999999975 -3.9008645241252204 26.94492191595225 -29.692036732051278
3.3999999999999986 -3.927663720035401 3.1999999999999984 -3.9234644546718709 26.964740396570885 -28.492036732051261
4.1999999999999993 -3.9433556578256379 3.9999999999999991 -3.9396004791084676 26.97799310736017 -27.492036732051247
5.2000000000000002 -3.9604108977671615 5 -3.9572322306129331 26.989854339512135 -26.29203673205123
6.0000000000000009 -3.971939256194581 5.8000000000000007 -3.9692366193533553 26.995260740483854 -25.492036732051218
6.6000000000000014 -3.9793196708516843 6.4000000000000012 -3.9769814273278823 26.998639245792717 -24.692036732051207
7.4000000000000021 -3.9874400990241865 7.200000000000002 -3.9855959450065455 26.999976021803832 -23.892036732051196
8.0000000000000018 -3.9922221405141127 7.8000000000000025 -3.9907536208997221 26.99963511111596 -23.292036732051187
8.7999999999999989 -3.996832882216613 8.5999999999999996 -3.9958703199188967 26.996510874150541 -22.292036732051173
10.399999999999993 -3.9999408173799544 10.199999999999994 -3.999999905812393 26.982910194942281 -20.492036732051147
10.599999999999993 -3.9997537468285866 10.399999999999993 -3.9999408173799544 26.980774774480555 -20.292036732051145
10.799999999999992 -3.9994387420473294 10.599999999999993 -3.9997537468285866 26.978516278302212 -20.092036732051142
10.999999999999991 -3.9989958836756863 10.799999999999992 -3.9994387420473294 26.976135284569938 -19.892036732051139
11.19999999999999 -3.9984252850829813 10.999999999999991 -3.9989958836756863 26.973632402805123 -19.692036732051136
49.445845675768346 8.1936993124959407 48.238556269856574 5.5407868730916219 49.851182363832244 4.8311478730016209
11.39999999999999 -3.9977270923393391 11.19999999999999 -3.9984252850829813 26.971008273731837 -19.492036732051133
11.599999999999989 -3.9969014841782879 11.39999999999999 -3.9977270923393391 26.965398991577359 -19.092036732051128
11.799999999999988 -3.9959486719510089 11.599999999999989 -3.9969014841782879 26.962415274441767 -18.892036732051125
11.999999999999988 -3.9948688995722281 11.799999999999988 -3.9959486719510089 26.959313181521303 -18.692036732051122
12.199999999999987 -3.9936624434577777 11.999999999999988 -3.9948688995722281 26.956093506934806 -18.492036732051119
12.399999999999986 -3.9923296124538346 12.199999999999987 -3.9936624434577777 26.952757074901395 -18.292036732051116
12.599999999999985 -3.9908707477578562 12.399999999999986 -3.9923296124538346 26.949304739529445 -18.092036732051113
12.799999999999985 -3.9892862228312378 12.599999999999985 -3.9908707477578562 26.945737384597958 -17.89203673205111
12.999999999999984 -3.9875764433037073 12.799999999999985 -3.9892862228312378 26.942055923330312 -17.692036732051108
13.199999999999983 -3.9857418468694852 12.999999999999984 -3.9875764433037073 26.938261298160491 -17.492036732051105
13.399999999999983 -3.9837829031752401 13.199999999999983 -3.9857418468694852 26.934354480491805 -17.292036732051102
13.599999999999982 -3.9817001136998598 13.399999999999983 -3.9837829031752401 26.930336470448253 -17.092036732051099
13.799999999999981 -3.9794940116260742 13.599999999999982 -3.9817001136998598 26.921971015792369 -16.692036732051093
13.99999999999998 -3.9771651617039669 13.799999999999981 -3.9794940116260742 26.917625712690743 -16.492036732051091
14.19999999999998 -3.9747141601063993 13.99999999999998 -3.9771651617039669 26.913173499687446 -16.292036732051088
14.399999999999979 -3.9721416342763942 14.19999999999998 -3.9747141601063993 26.908615516524684 -16.092036732051085
14.599999999999978 -3.9694482427665156 14.399999999999979 -3.9721416342763942 26.903952930021262 -15.892036732051082
14.799999999999978 -3.9666346750702801 14.599999999999978 -3.9694482427665156 26.899186933773855 -15.692036732051079
14.999999999999977 -3.9637016514456525 14.799999999999978 -3.9666346750702801 26.894318747851475 -15.492036732051076
15.199999999999976 -3.9606499227306622 14.999999999999977 -3.9637016514456525 26.889349618483134 -15.292036732051073
15.399999999999975 -3.9574802701511942 15.199999999999976 -3.9606499227306622 26.884280817738812 -15.092036732051071
15.599999999999975 -3.9541935051209984 15.399999999999975 -3.9574802701511942 26.879113643203816 -14.892036732051068
15.799999999999974 -3.9507904690339726 15.599999999999975 -3.9541935051209984 26.873849417646607 -14.692036732051065
15.999999999999973 -3.9472720330487703 15.799999999999974 -3.9507904690339726 26.868489488680179 -14.492036732051062
16.199999999999974 -3.943639097865788 15.999999999999973 -3.9472720330487703 26.863035228417079 -14.292036732051059
16.399999999999974 -3.9398925934965927 16.199999999999974 -3.943639097865788 26.857488033118141 -14.092036732051056
16.599999999999973 -3.9360334790258418 16.399999999999974 -3.9398925934965927 26.851849322835069 -13.892036732051054
16.799999999999972 -3.9320627423657641 16.599999999999973 -3.9360334790258418 26.846120541046901 -13.692036732051051
16.999999999999972 -3.9279814000032593 16.799999999999972 -3.9320627423657641 26.834398651785076 -13.292036732051045
17.199999999999971 -3.9237904967396826 16.999999999999972 -3.9279814000032593 26.828408545051047 -13.092036732051042
17.39999999999997 -3.9194911054233823 17.199999999999971 -3.9237904967396826 26.82233436752302 -12.892036732051039
17.599999999999969 -3.9150843266750548 17.39999999999997 -3.9194911054233823 26.81617767415727 -12.692036732051037
17.799999999999969 -3.9105712886059929 17.599999999999969 -3.9150843266750548 26.80994004103367 -12.492036732051034
17.999999999999968 -3.9059531465292952 17.799999999999969 -3.9105712886059929 26.803623064952237 -12.292036732051031
18.199999999999967 -3.9012310826641126 17.999999999999968 -3.9059531465292952 26.797228363024349 -12.092036732051028
18.399999999999967 -3.8964063058330063 18.199999999999967 -3.9012310826641126 26.790757572258777 -11.892036732051025
18.599999999999966 -3.8914800511524947 18.399999999999967 -3.8964063058330063 26.784212349142617 -11.692036732051022
18.799999999999965 -3.8864535797168736 18.599999999999966 -3.8914800511524947 26.77759436921724 -11.492036732051019
18.999999999999964 -3.8813281782753783 18.799999999999965 -3.8864535797168736 26.77090532664937 -11.292036732051017
19.199999999999964 -3.8761051589027868 18.999999999999964 -3.8813281782753783 26.764146933797367 -11.092036732051014
19.399999999999963 -3.8707858586635346 19.199999999999964 -3.8761051589027868 26.757320920772891 -10.892036732051011
19.599999999999962 -3.8653716392694326 19.399999999999963 -3.8707858586635346 26.750429034998003 -10.692036732051008
19.799999999999962 -3.8598638867310768 19.599999999999962 -3.8653716392694326 26.74347304075782 -10.492036732051005
19.999999999999961 -3.8542640110030377 19.799999999999962 -3.8598638867310768 26.736454718748881 -10.292036732051002
20.123020329349483 -3.8498036899248311 19.999999999999961 -3.8542640110030377 20.24622258249239 -3.8477187556928536
20.24622258249239 -3.8477187556928536 19.999999999999961 -3.8542640110030377 20.369562603526862 -3.8480163011312727
19.999999999999961 -3.8542640110030377 20.492995961296735 -3.8507026553780288 20.369562603526862 -3.8480163011312727
19.999999999999961 -3.8542640110030377 20.616477960457811 -3.8557833733406741 20.492995961296735 -3.8507026553780288
19.999999999999961 -3.8542640110030377 20.739963652942517 -3.8632632252255785 20.616477960457811 -3.8557833733406741
19.999999999999961 -3.8542640110030377 20.863407849826508 -3.8731461861554193 20.739963652942517 -3.8632632252255785
19.999999999999961 -3.8542640110030377 20.986765133600464 -3.8854354258900239 20.863407849826508 -3.8731461861554193
19.999999999999961 -3.8542640110030377 21.109989870849709 -3.9001332986659869 20.986765133600464 -3.8854354258900239
19.999999999999961 -3.8542640110030377 21.233036225343643 -3.9172413331706029 21.109989870849709 -3.9001332986659869
19.999999999999961 -3.8542640110030377 21.355858171536489 -3.9367602226659226 21.233036225343643 -3.9172413331706029
19.999999999999961 -3.8542640110030377 21.478409508480244 -3.958689815278861 21.355858171536489 -3.9367602226659226
19.999999999999961 -3.8542640110030377 21.600643874150002 -3.9830291044734687 21.478409508480244 -3.958689815278861
71.986039296712946 -15.085886563905303 72.475584949500288 -17.727654101328334 72.675068207298523 -13.770470928876682
19.999999999999961 -3.8542640110030377 21.722514760181479 -4.0097762197215978 21.600643874150002 -3.9830291044734687
19.999999999999961 -3.8542640110030377 21.843975527019573 -4.0389284173882949 21.722514760181479 -4.0097762197215978
19.999999999999961 -3.8542640110030377 21.964979419476578 -4.0704820718483514 21.843975527019573 -4.0389284173882949
19.999999999999961 -3.8542640110030377 22.085479582697715 -4.1044326668504807 21.964979419476578 -4.0704820718483514
19.999999999999961 -3.8542640110030377 22.205429078531203 -4.1407747871456522 22.085479582697715 -4.1044326668504807
19.999999999999961 -3.8542640110030377 22.324780902299416 -4.1795021103961094 22.205429078531203 -4.1407747871456522
19.999999999999961 -3.8542640110030377 22.443487999966933 -4.2206073993815973 22.324780902299416 -4.1795021103961094
19.999999999999961 -3.8542640110030377 22.561503285700869 -4.2640824945192835 22.443487999966933 -4.2206073993815973
19.999999999999961 -3.8542640110030377 22.67877965981798 -4.3099183067138105 22.561503285700869 -4.2640824945192835
19.999999999999961 -3.8542640110030377 22.795270027112579 -4.3581048105538223 22.67877965981798 -4.3099183067138105
19.999999999999961 -3.8542640110030377 22.91092731555862 -4.4086310378712215 22.795270027112579 -4.3581048105538223
19.999999999999961 -3.8542640110030377 23.025704495378591 -4.4614850716792471 22.91092731555862 -4.4086310378712215
19.999999999999961 -3.8542640110030377 23.1395545984713 -4.5166540405053626 23.025704495378591 -4.4614850716792471
19.999999999999961 -3.8542640110030377 23.252430738190057 -4.5741241131347063 23.1395545984713 -4.5166540405053626
19.999999999999961 -3.8542640110030377 23.364286129461981 -4.6338804937797153 23.252430738190057 -4.5741241131347063
19.999999999999961 -3.8542640110030377 23.475074109238594 -4.6959074176912594 23.364286129461981 -4.6338804937797153
19.999999999999961 -3.8542640110030377 23.584748157267466 -4.7601881472263852 23.475074109238594 -4.6959074176912594
19.999999999999961 -3.8542640110030377 23.69326191717359 -4.8267049683875349 23.584748157267466 -4.7601881472263852
19.999999999999961 -3.8542640110030377 23.800569217839129 -4.895439187847753 23.69326191717359 -4.8267049683875349
19.999999999999961 -3.8542640110030377 23.906624095069144 -4.9663711304761007 23.800569217839129 -4.895439187847753
19.999999999999961 -3.8542640110030377 24.011380813530522 -5.039480137377188 23.906624095069144 -4.9663711304761007
19.999999999999961 -3.8542640110030377 24.114793888950821 -5.1147445644583005 24.011380813530522 -5.039480137377188
19.999999999999961 -3.8542640110030377 24.216818110562986 -5.1921417815373019 24.114793888950821 -5.1147445644583005
19.999999999999961 -3.8542640110030377 24.317408563781505 -5.2716481720039914 24.216818110562986 -5.1921417815373019
19.999999999999961 -3.8542640110030377 24.41652065309502 -5.3532391330472411 24.317408563781505 -5.2716481720039914
19.999999999999961 -3.8542640110030377 24.514110125159768 -5.4368890764597726 24.41652065309502 -5.3532391330472411
19.999999999999961 -3.8542640110030377 24.610133092077945 -5.5225714300319249 24.514110125159768 -5.4368890764597726
19.999999999999961 -3.8542640110030377 24.704546054844286 -5.6102586395453446 24.610133092077945 -5.5225714300319249
19.999999999999961 -3.8542640110030377 24.797305926944059 -5.6999221713769579 24.704546054844286 -5.6102586395453446
19.999999999999961 -3.8542640110030377 24.888370058084789 -5.7915325157231017 24.797305926944059 -5.6999221713769579
19.999999999999961 -3.8542640110030377 24.977696258044009 -5.8850591904531218 24.888370058084789 -5.7915325157231017
19.999999999999961 -3.8542640110030377 25.065242820614564 -5.9804707456011972 24.977696258044009 -5.8850591904531218
19.999999999999961 -3.8542640110030377 25.150968547628789 -6.0777347685045795 25.065242820614564 -5.9804707456011972
19.999999999999961 -3.8542640110030377 25.234832773042463 -6.1768178895958075 25.150968547628789 -6.0777347685045795
19.999999999999961 -3.8542640110030377 25.316795387059013 -6.2776857888558908 25.234832773042463 -6.1768178895958075
19.999999999999961 -3.8542640110030377 25.39681686027421 -6.3803032029348108 25.316795387059013 -6.2776857888558908
19.999999999999961 -3.8542640110030377 25.474858267821073 -6.4846339329450116 25.39681686027421 -6.3803032029348108
19.999999999999961 -3.8542640110030377 25.550881313494724 -6.5906408529330092 25.474858267821073 -6.4846339329450116
19.999999999999961 -3.8542640110030377 25.624848353836278 -6.6982859190334345 25.550881313494724 -6.5906408529330092
19.999999999999961 -3.8542640110030377 25.69672242215492 -6.8075301793092713 25.624848353836278 -6.6982859190334345
19.999999999999961 -3.8542640110030377 25.76646725246685 -6.9183337842813089 25.69672242215492 -6.8075301793092713
19.999999999999961 -3.8542640110030377 25.834047303329747 -7.0306559981491272 25.76646725246685 -6.9183337842813089
19.999999999999961 -3.8542640110030377 25.899427781551072 -7.1444552107052495 25.834047303329747 -7.0306559981491272
19.999999999999961 -3.8542640110030377 25.962574665748466 -7.2596889499433566 25.899427781551072 -7.1444552107052495
19.999999999999961 -3.8542640110030377 26.023454729740351 -7.376313895360747 25.962574665748466 -7.2596889499433566
19.999999999999961 -3.8542640110030377 26.082035565744633 -7.4942858919545161 26.023454729740351 -7.376313895360747
19.999999999999961 -3.8542640110030377 26.138285607363478 -7.6135599649101184 26.082035565744633 -7.4942858919545161
19.999999999999961 -3.8542640110030377 26.192174152331955 -7.7340903349803529 26.138285607363478 -7.6135599649101184
19.999999999999961 -3.8542640110030377 26.243671385008291 -7.8558304345519341 26.192174152331955 -7.7340903349803529
19.999999999999961 -3.8542640110030377 26.292748398583594 -7.9787329243961667 26.243671385008291 -7.8558304345519341
19.999999999999961 -3.8542640110030377 26.339377216988815 -8.1027497110994506 26.292748398583594 -7.9787329243961667
35.215605607748323 -34.820947792596797 35.31409683104458 -34.914488570249517 46.575596571557334 -29.923889803846208
19.999999999999961 -3.8542640110030377 26.383530816476746 -8.2278319651685639 26.339377216988815 -8.1027497110994506
19.999999999999961 -3.8542640110030377 26.425183146857012 -8.3539301398049588 26.383530816476746 -8.2278319651685639
19.999999999999961 -3.8542640110030377 26.464309152362045 -8.4809939903415579 26.425183146857012 -8.3539301398049588
41.841357824080134 -36.442126017803588 41.96928417954873 -36.402259585005993 46.577068191022519 -30.081487337927413
19.999999999999961 -3.8542640110030377 26.500884792122161 -8.6089725943347286 26.464309152362045 -8.4809939903415579
19.999999999999961 -3.8542640110030377 26.534887060227998 -8.7378143723034221 26.500884792122161 -8.6089725943347286
19.999999999999961 -3.8542640110030377 26.566294005358813 -8.8674671091066983 26.534887060227998 -8.7378143723034221
36.052428506521885 -35.510934878395133 36.164370037344106 -35.587408575773409 46.575596571557334 -29.923889803846208
19.999999999999961 -3.8542640110030377 26.595084749955181 -8.9978779759501215 26.566294005358813 -8.8674671091066983
19.999999999999961 -3.8542640110030377 26.621239508915075 -9.128993553010746 26.595084749955181 -8.9978779759501215
10.199999999999994 -3.999999905812393 9.9999999999999947 -3.9999309969995864 26.984921993031413 -20.69203673205115
19.999999999999961 -3.8542640110030377 26.729375865623286 -10.092036732051 26.621239508915075 -9.128993553010746
9.9999999999999947 -3.9999309969995864 9.7999999999999954 -3.9997341085818148 26.986809653738625 -20.892036732051153
26.621239508915075 -9.128993553010746 26.729375865623286 -10.092036732051 26.64473960779242 -9.2607598526697128
26.64473960779242 -9.2607598526697128 26.729375865623286 -10.092036732051 26.665567500477437 -9.3931223433407602
9.7999999999999954 -3.9997341085818148 9.5999999999999961 -3.9994092909614372 26.988572693833092 -21.092036732051156
26.665567500477437 -9.3931223433407602 26.729375865623286 -10.092036732051 26.683706786338611 -9.526025973882188
9.5999999999999961 -3.9994092909614372 9.3999999999999968 -3.9989566272899904 26.991723138886957 -21.492036732051162
26.683706786338611 -9.526025973882188 26.729375865623286 -10.092036732051 26.699142226806245 -9.6594151985791576
9.3999999999999968 -3.9989566272899904 9.1999999999999975 -3.9983762334469031 26.993109737349634 -21.692036732051164
26.699142226806245 -9.6594151985791576 26.729375865623286 -10.092036732051 26.711859761377955 -9.7932340026824996
9.1999999999999975 -3.9983762334469031 8.9999999999999982 -3.9976682580098286 26.994370102412564 -21.892036732051167
26.711859761377955 -9.7932340026824996 26.729375865623286 -10.092036732051 26.721846523026919 -9.9274259284894733
8.9999999999999982 -3.9976682580098286 8.7999999999999989 -3.996832882216613 26.995503911429171 -22.09203673205117
19.999999999999961 -3.8542640110030377 26.736454718748881 -10.292036732051002 26.729375865623286 -10.092036732051
8.5999999999999996 -3.9958703199188967 8.4000000000000004 -3.9947808175273711 26.997390732799719 -22.492036732051176
19.799999999999962 -3.8598638867310768 26.74347304075782 -10.492036732051005 26.736454718748881 -10.292036732051002
8.4000000000000004 -3.9947808175273711 8.2000000000000011 -3.9935646539486984 26.998143262137692 -22.692036732051179
19.599999999999962 -3.8653716392694326 26.750429034998003 -10.692036732051008 26.74347304075782 -10.492036732051005
8.2000000000000011 -3.9935646539486984 8.0000000000000018 -3.9922221405141127 26.998768269521058 -22.892036732051182
19.399999999999963 -3.8707858586635346 26.757320920772891 -10.892036732051011 26.750429034998003 -10.692036732051008
7.8000000000000025 -3.9907536208997221 7.6000000000000023 -3.9891594710385272 26.99987672342078 -23.49203673205119
19.199999999999964 -3.8761051589027868 26.764146933797367 -11.092036732051014 26.757320920772891 -10.892036732051011
7.6000000000000023 -3.9891594710385272 7.4000000000000021 -3.9874400990241865 26.999990370014373 -23.692036732051193
18.999999999999964 -3.8813281782753783 26.77090532664937 -11.292036732051017 26.764146933797367 -11.092036732051014
7.200000000000002 -3.9855959450065455 7.0000000000000018 -3.9836274810789618 26.999833682462221 -24.092036732051199
18.799999999999965 -3.8864535797168736 26.77759436921724 -11.492036732051019 26.77090532664937 -11.292036732051017
7.0000000000000018 -3.9836274810789618 6.8000000000000016 -3.9815352111574502 26.999563388427639 -24.292036732051201
18.599999999999966 -3.8914800511524947 26.784212349142617 -11.692036732051022 26.77759436921724 -11.492036732051019
6.8000000000000016 -3.9815352111574502 6.6000000000000014 -3.9793196708516843 26.999165208893874 -24.492036732051204
18.399999999999967 -3.8964063058330063 26.790757572258777 -11.892036732051025 26.784212349142617 -11.692036732051022
6.4000000000000012 -3.9769814273278823 6.2000000000000011 -3.9745210791636167 26.99720454014038 -25.092036732051213
18.199999999999967 -3.9012310826641126 26.797228363024349 -12.092036732051028 26.790757572258777 -11.892036732051025
6.2000000000000011 -3.9745210791636167 6.0000000000000009 -3.971939256194581 26.99629616486601 -25.292036732051216
17.999999999999968 -3.9059531465292952 26.803623064952237 -12.292036732051031 26.797228363024349 -12.092036732051028
5.8000000000000007 -3.9692366193533553 5.6000000000000005 -3.9664138605002104 26.994098532056892 -25.692036732051221
17.799999999999969 -3.9105712886059929 26.80994004103367 -12.492036732051034 26.803623064952237 -12.292036732051031
5.6000000000000005 -3.9664138605002104 5.4000000000000004 -3.9634717022459975 26.992809837104137 -25.892036732051224
17.599999999999969 -3.9150843266750548 26.81617767415727 -12.692036732051037 26.80994004103367 -12.492036732051034
5.4000000000000004 -3.9634717022459975 5.2000000000000002 -3.9604108977671615 26.991394985524458 -26.092036732051227
17.39999999999997 -3.9194911054233823 26.82233436752302 -12.892036732051039 26.81617767415727 -12.692036732051037
5 -3.9572322306129331 4.7999999999999998 -3.9539365145047438 26.986397273879142 -26.692036732051236
17.199999999999971 -3.9237904967396826 26.828408545051047 -13.092036732051042 26.82233436752302 -12.892036732051039
4.7999999999999998 -3.9539365145047438 4.5999999999999996 -3.9505245931279189 26.984481739248388 -26.892036732051238
16.999999999999972 -3.9279814000032593 26.834398651785076 -13.292036732051045 26.828408545051047 -13.092036732051042
4.5999999999999996 -3.9505245931279189 4.3999999999999995 -3.9469973399156975 26.982442179938282 -27.092036732051241
16.799999999999972 -3.9320627423657641 26.840303154290492 -13.492036732051048 26.834398651785076 -13.292036732051045
4.3999999999999995 -3.9469973399156975 4.1999999999999993 -3.9433556578256379 26.980279118064868 -27.292036732051244
16.799999999999972 -3.9320627423657641 26.846120541046901 -13.692036732051051 26.840303154290492 -13.492036732051048
3.9999999999999991 -3.9396004791084676 3.7999999999999989 -3.9357327650694298 26.975584733030448 -27.69203673205125
16.599999999999973 -3.9360334790258418 26.851849322835069 -13.892036732051054 26.846120541046901 -13.692036732051051
3.7999999999999989 -3.9357327650694298 3.5999999999999988 -3.9317535058221957 26.973054611606372 -27.892036732051253
16.399999999999974 -3.9398925934965927 26.857488033118141 -14.092036732051056 26.851849322835069 -13.892036732051054
3.5999999999999988 -3.9317535058221957 3.3999999999999986 -3.927663720035401 26.967631749265021 -28.292036732051258
16.199999999999974 -3.943639097865788 26.863035228417079 -14.292036732051059 26.857488033118141 -14.092036732051056
3.1999999999999984 -3.9234644546718709 2.9999999999999982 -3.9191567847206059 26.961730072873312 -28.692036732051264
15.999999999999973 -3.9472720330487703 26.868489488680179 -14.492036732051062 26.863035228417079 -14.292036732051059
2.9999999999999982 -3.9191567847206059 2.799999999999998 -3.9147418129215881 26.958601548798722 -28.892036732051267
15.799999999999974 -3.9507904690339726 26.873849417646607 -14.692036732051065 26.868489488680179 -14.492036732051062
2.799999999999998 -3.9147418129215881 2.5999999999999979 -3.9102206694834862 26.955355625232194 -29.09203673205127
15.599999999999975 -3.9541935051209984 26.879113643203816 -14.892036732051068 26.873849417646607 -14.692036732051065
2.5999999999999979 -3.9102206694834862 2.3999999999999977 -3.9055945117943289 26.951993133112431 -29.292036732051272
15.399999999999975 -3.9574802701511942 26.884280817738812 -15.092036732051071 26.879113643203816 -14.892036732051068
2.1999999999999975 -3.9008645241252204 1.9999999999999976 -3.8960319173271722 26.941215001104805 -29.892036732051281
15.199999999999976 -3.9606499227306622 26.889349618483134 -15.292036732051073 26.884280817738812 -15.092036732051071
1.9999999999999976 -3.8960319173271722 1.7999999999999976 -3.8910979285211318 26.941215001104805 -29.892036732051281
14.999999999999977 -3.9637016514456525 26.894318747851475 -15.492036732051076 26.889349618483134 -15.292036732051073
1.7999999999999976 -3.8910979285211318 1.5999999999999976 -3.8860638207812879 26.937948384678176 -30.120222249054521
14.799999999999978 -3.9666346750702801 26.899186933773855 -15.692036732051079 26.894318747851475 -15.492036732051076
1.3999999999999977 -3.8809308828117293 1.1999999999999977 -3.8757004286165437 26.937948384678176 -30.120222249054521
14.599999999999978 -3.9694482427665156 26.903952930021262 -15.892036732051082 26.899186933773855 -15.692036732051079
1.1999999999999977 -3.8757004286165437 0.99999999999999778 -3.87037379716344 26.939034834887565 -30.381536629673835
14.399999999999979 -3.9721416342763942 26.908615516524684 -16.092036732051085 26.903952930021262 -15.892036732051082
0.99999999999999778 -3.87037379716344 0.79999999999999782 -3.8649523520409801 26.939034834887565 -30.381536629673835
14.19999999999998 -3.9747141601063993 26.913173499687446 -16.292036732051088 26.908615516524684 -16.092036732051085
0.79999999999999782 -3.8649523520409801 0.59999999999999776 -3.8594374811095067 26.939034834887565 -30.381536629673835
13.99999999999998 -3.9771651617039669 26.917625712690743 -16.492036732051091 26.913173499687446 -16.292036732051088
0.39999999999999775 -3.853830596145861 0.19999999999999774 -3.8481331324819719 26.945239259077042 -30.642861054202385
13.799999999999981 -3.9794940116260742 26.921971015792369 -16.692036732051093 26.917625712690743 -16.492036732051091
0.19999999999999774 -3.8481331324819719 -2.2891884656567246e-15 -3.8423465486374222 26.945239259077042 -30.642861054202385
13.599999999999982 -3.9817001136998598 26.926208296618455 -16.892036732051096 26.921971015792369 -16.692036732051093
-2.2891884656567246e-15 -3.8423465486374222 -0.20000000000000229 -3.8364723259460742 26.945239259077042 -30.642861054202385
13.599999999999982 -3.9817001136998598 26.930336470448253 -17.092036732051099 26.926208296618455 -16.892036732051096
-0.20000000000000229 -3.8364723259460742 -0.4000000000000023 -3.830511968176856 26.945239259077042 -30.642861054202385
13.399999999999983 -3.9837829031752401 26.934354480491805 -17.292036732051102 26.930336470448253 -17.092036732051099
-0.60000000000000231 -3.8244670011488049 -0.80000000000000226 -3.818338972340467 26.956563700407489 -30.904097449780323
13.199999999999983 -3.9857418468694852 26.938261298160491 -17.492036732051105 26.934354480491805 -17.292036732051102
-0.80000000000000226 -3.818338972340467 -1.0000000000000022 -3.8121294504937504 26.956563700407489 -30.904097449780323
12.999999999999984 -3.9875764433037073 26.942055923330312 -17.692036732051108 26.938261298160491 -17.492036732051105
-1.0000000000000022 -3.8121294504937504 -1.2000000000000022 -3.8058400252123361 26.956563700407489 -30.904097449780323
12.799999999999985 -3.9892862228312378 26.945737384597958 -17.89203673205111 26.942055923330312 -17.692036732051108
-1.2000000000000022 -3.8058400252123361 -1.4000000000000021 -3.7994723065547471 26.973008394394036 -31.165147617288561
12.599999999999985 -3.9908707477578562 26.949304739529445 -18.092036732051113 26.945737384597958 -17.89203673205111
-1.6000000000000021 -3.7930279246221845 -1.800000000000002 -3.7865085291412282 26.973008394394036 -31.165147617288561
12.399999999999986 -3.9923296124538346 26.952757074901395 -18.292036732051116 26.949304739529445 -18.092036732051113
-1.800000000000002 -3.7865085291412282 -2.0000000000000022 -3.7799157890415165 26.973008394394036 -31.165147617288561
12.199999999999987 -3.9936624434577777 26.956093506934806 -18.492036732051119 26.952757074901395 -18.292036732051116
-2.0000000000000022 -3.7799157890415165 -2.2000000000000024 -3.7732513920285111 26.994571762866673 -31.425913262039266
11.999999999999988 -3.9948688995722281 26.959313181521303 -18.692036732051122 26.956093506934806 -18.492036732051119
-2.2000000000000024 -3.7732513920285111 -2.4000000000000026 -3.7665170441514504 26.994571762866673 -31.425913262039266
11.799999999999988 -3.9959486719510089 26.962415274441767 -18.892036732051125 26.959313181521303 -18.692036732051122
-2.6000000000000028 -3.7597144693666129 -2.8000000000000029 -3.7528454090959928 26.994571762866673 -31.425913262039266
11.599999999999989 -3.9969014841782879 26.965398991577359 -19.092036732051128 26.962415274441767 -18.892036732051125
-2.8000000000000029 -3.7528454090959928 -3.0000000000000031 -3.7459116217815054 27.021250408350951 -31.686296024723941
11.39999999999999 -3.9977270923393391 26.968263569112782 -19.29203673205113 26.965398991577359 -19.092036732051128
-3.0000000000000031 -3.7459116217815054 -3.2000000000000033 -3.7389148824348357 27.021250408350951 -31.686296024723941
11.39999999999999 -3.9977270923393391 26.971008273731837 -19.492036732051133 26.968263569112782 -19.29203673205113
-3.4000000000000035 -3.7318569821830452 -3.6000000000000036 -3.7247397278100536 27.021250408350951 -31.686296024723941
11.19999999999999 -3.9984252850829813 26.973632402805123 -19.692036732051136 26.971008273731837 -19.492036732051133
-3.6000000000000036 -3.7247397278100536 -3.8000000000000038 -3.7175649412941105 27.053039108879005 -31.946197512617694
10.999999999999991 -3.9989958836756863 26.976135284569938 -19.892036732051139 26.973632402805123 -19.692036732051136
-3.8000000000000038 -3.7175649412941105 -4.0000000000000036 -3.710334459341381 27.053039108879005 -31.946197512617694
10.799999999999992 -3.9994387420473294 26.978516278302212 -20.092036732051142 26.976135284569938 -19.892036732051139
-4.0000000000000036 -3.710334459341381 -4.2000000000000037 -3.7030501329157568 27.053039108879005 -31.946197512617694
10.599999999999993 -3.9997537468285866 26.980774774480555 -20.292036732051145 26.978516278302212 -20.092036732051142
-4.4000000000000039 -3.6957138267650209 -4.6000000000000041 -3.6883274189434827 27.08993081324158 -32.20551933103777
10.399999999999993 -3.9999408173799544 26.982910194942281 -20.492036732051147 26.980774774480555 -20.292036732051145
-4.6000000000000041 -3.6883274189434827 -4.8000000000000043 -3.6808928003312049 27.08993081324158 -32.20551933103777
10.199999999999994 -3.999999905812393 26.984921993031413 -20.69203673205115 26.982910194942281 -20.492036732051147
-4.8000000000000043 -3.6808928003312049 -5.0000000000000044 -3.6734118741499495 27.08993081324158 -32.20551933103777
9.9999999999999947 -3.9999309969995864 26.986809653738625 -20.892036732051153 26.984921993031413 -20.69203673205115
-5.2000000000000046 -3.6658865554759639 -5.4000000000000048 -3.6583187707497307 27.08993081324158 -32.20551933103777
9.7999999999999954 -3.9997341085818148 26.988572693833092 -21.092036732051156 26.986809653738625 -20.892036732051153
-5.4000000000000048 -3.6583187707497307 -5.600000000000005 -3.6507104572828095 27.131916636691646 -32.464163115053886
9.5999999999999961 -3.9994092909614372 26.990210661986168 -21.292036732051159 26.988572693833092 -21.092036732051156
-5.600000000000005 -3.6507104572828095 -5.8000000000000052 -3.6430635627618972 27.131916636691646 -32.464163115053886
9.5999999999999961 -3.9994092909614372 26.991723138886957 -21.492036732051162 26.990210661986168 -21.292036732051159
-6.0000000000000053 -3.6353800447502289 -6.2000000000000055 -3.6276618701864534 27.131916636691646 -32.464163115053886
9.3999999999999968 -3.9989566272899904 26.993109737349634 -21.692036732051164 26.991723138886957 -21.492036732051162
-6.2000000000000055 -3.6276618701864534 -6.4000000000000057 -3.6199110148811089 27.178985857110732 -32.722030561447752
9.1999999999999975 -3.9983762334469031 26.994370102412564 -21.892036732051167 26.993109737349634 -21.692036732051164
-6.6000000000000059 -3.6121294630108225 -6.800000000000006 -3.6043192066103771 27.178985857110732 -32.722030561447752
8.9999999999999982 -3.9976682580098286 26.995503911429171 -22.09203673205117 26.994370102412564 -21.892036732051167
-6.800000000000006 -3.6043192066103771 -7.0000000000000062 -3.5964822450627563 27.178985857110732 -32.722030561447752
8.7999999999999989 -3.996832882216613 26.996510874150541 -22.292036732051173 26.995503911429171 -22.09203673205117
-7.0000000000000062 -3.5964822450627563 -7.2000000000000064 -3.5886205845873169 27.178985857110732 -32.722030561447752
8.5999999999999996 -3.9958703199188967 26.997390732799719 -22.492036732051176 26.996510874150541 -22.292036732051173
-7.4000000000000066 -3.5807362377262053 -7.6000000000000068 -3.5728312228291594 27.231125911648892 -32.979023460918476
8.4000000000000004 -3.9947808175273711 26.998143262137692 -22.692036732051179 26.997390732799719 -22.492036732051176
-7.6000000000000068 -3.5728312228291594 -7.8000000000000069 -3.5649075635368215 27.231125911648892 -32.979023460918476
8.2000000000000011 -3.9935646539486984 26.998768269521058 -22.892036732051182 26.998143262137692 -22.692036732051179
-8.0000000000000071 -3.5569672882626975 -8.2000000000000064 -3.5490124296738923 27.231125911648892 -32.979023460918476
8.0000000000000018 -3.9922221405141127 26.999265594951346 -23.092036732051184 26.998768269521058 -22.892036732051182
-8.2000000000000064 -3.5490124296738923 -8.4000000000000057 -3.5410450241707618 27.288322393849736 -33.235043730530208
8.0000000000000018 -3.9922221405141127 26.99963511111596 -23.292036732051187 26.999265594951346 -23.092036732051184
-8.4000000000000057 -3.5410450241707618 -8.600000000000005 -3.533067111365602 27.288322393849736 -33.235043730530208
7.8000000000000025 -3.9907536208997221 26.99987672342078 -23.49203673205119 26.99963511111596 -23.292036732051187
-8.8000000000000043 -3.5250807335605221 -9.0000000000000036 -3.5170879352246236 27.288322393849736 -33.235043730530208
7.6000000000000023 -3.9891594710385272 26.999990370014373 -23.692036732051193 26.99987672342078 -23.49203673205119
-9.0000000000000036 -3.5170879352246236 -9.2000000000000028 -3.5090907624706293 27.288322393849736 -33.235043730530208
-9.6000000000000014 -3.493091483234303 27.350559051271755 -33.489993446397925 -9.2000000000000028 -3.5090907624706293
-9.8000000000000007 -3.4850934724800777 27.350559051271755 -33.489993446397925 -9.6000000000000014 -3.493091483234303
7.0000000000000018 -3.9836274810789618 26.999563388427639 -24.292036732051201 26.999833682462221 -24.092036732051199
6.8000000000000016 -3.9815352111574502 26.999165208893874 -24.492036732051204 26.999563388427639 -24.292036732051201
6.6000000000000014 -3.9793196708516843 26.998639245792717 -24.692036732051207 26.999165208893874 -24.492036732051204
6.4000000000000012 -3.9769814273278823 26.997985633767851 -24.89203673205121 26.998639245792717 -24.692036732051207
6.4000000000000012 -3.9769814273278823 26.99720454014038 -25.092036732051213 26.997985633767851 -24.89203673205121
6.2000000000000011 -3.9745210791636167 26.99629616486601 -25.292036732051216 26.99720454014038 -25.092036732051213
6.0000000000000009 -3.971939256194581 26.995260740483854 -25.492036732051218 26.99629616486601 -25.292036732051216
5.8000000000000007 -3.9692366193533553 26.994098532056892 -25.692036732051221 26.995260740483854 -25.492036732051218
5.6000000000000005 -3.9664138605002104 26.992809837104137 -25.892036732051224 26.994098532056892 -25.692036732051221
5.4000000000000004 -3.9634717022459975 26.991394985524458 -26.092036732051227 26.992809837104137 -25.892036732051224
5.2000000000000002 -3.9604108977671615 26.989854339512135 -26.29203673205123 26.991394985524458 -26.092036732051227
5 -3.9572322306129331 26.988188293464134 -26.492036732051233 26.989854339512135 -26.29203673205123
5 -3.9572322306129331 26.986397273879142 -26.692036732051236 26.988188293464134 -26.492036732051233
4.7999999999999998 -3.9539365145047438 26.984481739248388 -26.892036732051238 26.986397273879142 -26.692036732051236
4.5999999999999996 -3.9505245931279189 26.982442179938282 -27.092036732051241 26.984481739248388 -26.892036732051238
4.3999999999999995 -3.9469973399156975 26.980279118064868 -27.292036732051244 26.982442179938282 -27.092036732051241
4.1999999999999993 -3.9433556578256379 26.97799310736017 -27.492036732051247 26.980279118064868 -27.292036732051244
3.9999999999999991 -3.9396004791084676 26.975584733030448 -27.69203673205125 26.97799310736017 -27.492036732051247
3.7999999999999989 -3.9357327650694298 26.973054611606372 -27.892036732051253 26.975584733030448 -27.69203673205125
3.5999999999999988 -3.9317535058221957 26.970403390785211 -28.092036732051255 26.973054611606372 -27.892036732051253
39.720203147177166 -36.723194250210639 39.854752451136321 -36.725665931816842 46.575596571557334 -29.923889803846208
3.5999999999999988 -3.9317535058221957 26.967631749265021 -28.292036732051258 26.970403390785211 -28.092036732051255
3.3999999999999986 -3.927663720035401 26.964740396570885 -28.492036732051261 26.967631749265021 -28.292036732051258
3.1999999999999984 -3.9234644546718709 26.961730072873312 -28.692036732051264 26.964740396570885 -28.492036732051261
2.9999999999999982 -3.9191567847206059 26.958601548798722 -28.892036732051267 26.961730072873312 -28.692036732051264
2.799999999999998 -3.9147418129215881 26.955355625232194 -29.09203673205127 26.958601548798722 -28.892036732051267
37.865357325394065 -36.407300239279934 37.994434347509021 -36.447060885513125 46.575596571557334 -29.923889803846208
2.5999999999999979 -3.9102206694834862 26.951993133112431 -29.292036732051272 26.955355625232194 -29.09203673205127
2.3999999999999977 -3.9055945117943289 26.948514933219059 -29.492036732051275 26.951993133112431 -29.292036732051272
2.3999999999999977 -3.9055945117943289 26.94492191595225 -29.692036732051278 26.948514933219059 -29.492036732051275
36.745369985963492 -35.935074045943196 36.865496484792736 -35.997479021292321 46.575596571557334 -29.923889803846208
2.1999999999999975 -3.9008645241252204 26.941215001104805 -29.892036732051281 26.94492191595225 -29.692036732051278
1.7999999999999976 -3.8910979285211318 26.937948384678176 -30.120222249054521 26.941215001104805 -29.892036732051281
36.865496484792736 -35.997479021292321 36.9868187988098 -36.057449978374088 46.575596571557334 -29.923889803846208
1.1999999999999977 -3.8757004286165437 26.939034834887565 -30.381536629673835 26.937948384678176 -30.120222249054521
36.9868187988098 -36.057449978374088 37.109287545540084 -36.114964043766832 46.575596571557334 -29.923889803846208
0.39999999999999775 -3.853830596145861 26.945239259077042 -30.642861054202385 26.939034834887565 -30.381536629673835
37.109287545540084 -36.114964043766832 37.232852906355056 -36.169999347480683 46.575596571557334 -29.923889803846208
-0.4000000000000023 -3.830511968176856 26.956563700407489 -30.904097449780323 26.945239259077042 -30.642861054202385
-1.2000000000000022 -3.8058400252123361 26.973008394394036 -31.165147617288561 26.956563700407489 -30.904097449780323
-2.0000000000000022 -3.7799157890415165 26.994571762866673 -31.425913262039266 26.973008394394036 -31.165147617288561
-2.8000000000000029 -3.7528454090959928 27.021250408350951 -31.686296024723941 26.994571762866673 -31.425913262039266
37.994434347509021 -36.447060885513125 38.124248775360307 -36.48421841866903 46.575596571557334 -29.923889803846208
-3.6000000000000036 -3.7247397278100536 27.053039108879005 -31.946197512617694 27.021250408350951 -31.686296024723941
40.793210424242389 -36.667660096208465 40.926146658835165 -36.648672760524313 46.577068191022519 -30.081487337927413
-4.4000000000000039 -3.6957138267650209 27.08993081324158 -32.20551933103777 27.053039108879005 -31.946197512617694
-5.4000000000000048 -3.6583187707497307 27.131916636691646 -32.464163115053886 27.08993081324158 -32.20551933103777
-6.2000000000000055 -3.6276618701864534 27.178985857110732 -32.722030561447752 27.131916636691646 -32.464163115053886
-7.2000000000000064 -3.5886205845873169 27.231125911648892 -32.979023460918476 27.178985857110732 -32.722030561447752
-8.2000000000000064 -3.5490124296738923 27.288322393849736 -33.235043730530208 27.231125911648892 -32.979023460918476
-9.2000000000000028 -3.5090907624706293 27.350559051271755 -33.489993446397925 27.288322393849736 -33.235043730530208
-10 -3.4770992777154892 27.417817783617537 -33.7437748766068 27.350559051271755 -33.489993446397925
39.854752451136321 -36.725665931816842 39.98928869117892 -36.725442264069294 46.575596571557334 -29.923889803846208
-10 -3.4770992777154892 27.490078641382414 -33.996290514360055 27.417817783617537 -33.7437748766068
-10 -3.4770992777154892 27.567319825034268 -34.247443111349703 27.490078641382414 -33.996290514360055
-10 -3.4770992777154892 27.649517684736129 -34.497135711344256 27.567319825034268 -34.247443111349703
-10 -3.4770992777154892 27.736646720623455 -34.745271683986765 27.649517684736129 -34.497135711344256
-10 -3.4770992777154892 27.828679583647755 -34.991754758796141 27.736646720623455 -34.745271683986765
-10 -3.4770992777154892 27.925587076998415 -35.236489059364224 27.828679583647755 -34.991754758796141
-10 -3.4770992777154892 28.02733815811451 -35.479379137740473 27.925587076998415 -35.236489059364224
-10 -3.4770992777154892 28.133899941298207 -35.720330008995738 28.02733815811451 -35.479379137740473
-10 -3.4770992777154892 28.245237700941537 -35.959247185955881 28.133899941298207 -35.720330008995738
-10 -3.4770992777154892 28.361314875378046 -36.196036714095655 28.245237700941537 -35.959247185955881
33.330992183308517 -41.604762418825096 35 -48.59663782333773 33.560656134050681 -41.742650466219999
-10 -3.4770992777154892 28.482093071370805 -36.430605206582655 28.361314875378046 -36.196036714095655
-10 -3.4770992777154892 35 -48.59663782333773 29.011384407333868 -37.344822926356855
28.482093071370805 -36.430605206582655 -10 -3.4770992777154892 28.60753206924808 -36.662859879460555
28.60753206924808 -36.662859879460555 -10 -3.4770992777154892 28.737589828697914 -36.892708586960396
28.737589828697914 -36.892708586960396 -10 -3.4770992777154892 28.872222495232602 -37.120059856928279
28.872222495232602 -37.120059856928279 -10 -3.4770992777154892 29.011384407333868 -37.344822926356855
29.011384407333868 -37.344822926356855 35 -48.59663782333773 29.155028104289375 -37.566907777008119
29.155028104289375 -37.566907777008119 35 -48.59663782333773 29.303104334730961 -37.786225171113877
29.303104334730961 -37.786225171113877 35 -48.59663782333773 29.455562065884664 -38.002686687140177
29.455562065884664 -38.002686687140177 35 -48.59663782333773 29.612348493542459 -38.21620475560124
29.612348493542459 -38.21620475560124 35 -48.59663782333773 29.77340905276515 -38.42669269490797
29.77340905276515 -38.42669269490797 35 -48.59663782333773 29.938687429325707 -38.634064747235762
29.938687429325707 -38.634064747235762 35 -48.59663782333773 30.108125571901873 -38.838236114395606
30.108125571901873 -38.838236114395606 35 -48.59663782333773 30.281663705026563 -39.039122993692111
30.281663705026563 -39.039122993692111 35 -48.59663782333773 30.459240342804264 -39.236642613751712
30.459240342804264 -39.236642613751712 35 -48.59663782333773 30.640792303400978 -39.430713270303613
30.640792303400978 -39.430713270303613 35 -48.59663782333773 30.826254724315167 -39.621254361895787
30.826254724315167 -39.621254361895787 35 -48.59663782333773 31.015561078436434 -39.808186425527794
31.015561078436434 -39.808186425527794 35 -48.59663782333773 31.208643190898467 -39.991431172181741
31.208643190898467 -39.991431172181741 35 -48.59663782333773 31.405431256731962 -40.17091152223238
31.405431256731962 -40.17091152223238 35 -48.59663782333773 31.605853859323062 -40.346551640716868
31.605853859323062 -40.346551640716868 35 -48.59663782333773 31.809837989682144 -40.518276972444262
31.809837989682144 -40.518276972444262 35 -48.59663782333773 32.017309066527254 -40.686014276924674
32.017309066527254 -40.686014276924674 35 -48.59663782333773 32.228190957186058 -40.849691663097289
32.228190957186058 -40.849691663097289 35 -48.59663782333773 32.442405999319433 -41.009238623836623
32.442405999319433 -41.009238623836623 35 -48.59663782333773 32.659875023469411 -41.164586070215428
32.659875023469411 -41.164586070215428 35 -48.59663782333773 32.880517376433289 -41.315666365502963
32.880517376433289 -41.315666365502963 35 -48.59663782333773 33.104250945465608 -41.46241335887666
33.104250945465608 -41.46241335887666 35 -48.59663782333773 33.330992183308517 -41.604762418825096
41.190638329578462 -36.602749936479327 41.322088039234458 -36.575835802015689 46.577068191022519 -30.081487337927413
33.560656134050681 -41.742650466219999 35 -48.59663782333773 33.793156459814277 -41.876016007034586
33.793156459814277 -41.876016007034586 35 -48.59663782333773 34.028405468268737 -42.004799164685558
34.028405468268737 -42.004799164685558 35 -48.59663782333773 34.266314140969406 -42.128941711975685
34.266314140969406 -42.128941711975685 35 -48.59663782333773 34.506792162518501 -42.248387102614011
34.506792162518501 -42.248387102614011 35 -48.59663782333773 34.74974795054495 -42.363080502290195
34.74974795054495 -42.363080502290195 35 -48.59663782333773 34.995088686499322 -42.472968819279849
34.995088686499322 -42.472968819279849 35 -48.59663782333773 35.242720347258754 -42.578000734557165
35.242720347258754 -42.578000734557165 35 -48.59663782333773 35.492547737536711 -42.678126731391501
35.492547737536711 -42.678126731391501 35 -48.59663782333773 35.744474523091164 -42.773299124404183
35.744474523091164 -42.773299124404183 35 -48.59663782333773 35.99840326472421 -42.863472088062004
41.712623585157807 -36.479432754912871 41.841357824080134 -36.442126017803588 46.577068191022519 -30.081487337927413
35.99840326472421 -42.863472088062004 35 -48.59663782333773 36.254235453065569 -42.948601684583849
36.254235453065569 -42.948601684583849 35 -48.59663782333773 36.511871544131189 -43.028645891236749
36.511871544131189 -43.028645891236749 35 -48.59663782333773 36.77121099564804 -43.103564626998001
36.77121099564804 -43.103564626998001 35 -48.59663782333773 37.032152304134861 -43.173319778559886
37.032152304134861 -43.173319778559886 35 -48.59663782333773 37.29459304272811 -43.237875225653582
37.29459304272811 -43.237875225653582 35 -48.59663782333773 37.558429899741768 -43.297196865669235
37.558429899741768 -43.297196865669235 35 -48.59663782333773 37.823558717948444 -43.351252637549031
37.823558717948444 -43.351252637549031 35 -48.59663782333773 38.089874534568807 -43.400012544930561
38.089874534568807 -43.400012544930561 35 -48.59663782333773 38.35727162195569 -43.443448678517676
38.35727162195569 -43.443448678517676 35 -48.59663782333773 38.625643528957916 -43.481535237656715
38.625643528957916 -43.481535237656715 35 -48.59663782333773 38.894883122948876 -43.514248551095704
38.894883122948876 -43.514248551095704 35 -48.59663782333773 39.164882632503456 -43.541567096904899
39.164882632503456 -43.541567096904899 35 -48.59663782333773 39.435533690706713 -43.56347152153711
39.435533690706713 -43.56347152153711 35 -48.59663782333773 39.70672737907649 -43.579944658006625
39.70672737907649 -43.579944658006625 35 -48.59663782333773 39.978354272081837 -43.590971543165935
39.978354272081837 -43.590971543165935 35 -48.59663782333773 40.250304482238136 -43.596539434059984
40.250304482238136 -43.596539434059984 35 -48.59663782333773 40.522467705759013 -43.59663782333773
40.522467705759013 -43.59663782333773 35 -48.59663782333773 40.794733268744928 -43.591258453701826
40.794733268744928 -43.591258453701826 35 -48.59663782333773 41.066990173886929 -43.580395331377062
34.931515716940858 -34.528611959380953 35.024275641101717 -34.627971609302527 46.575596571557334 -29.923889803846208
41.066990173886929 -43.580395331377062 35 -48.59663782333773 41.339127147663881 -43.564044738579142
41.339127147663881 -43.564044738579142 35 -48.59663782333773 41.611032688010766 -43.542205244965878
41.611032688010766 -43.542205244965878 35 -48.59663782333773 41.882595112434679 -43.514877718053093
41.882595112434679 -43.514877718053093 35 -48.59663782333773 42.15370260655483 -43.482065332578479
42.15370260655483 -43.482065332578479 35 -48.59663782333773 42.424243273042215 -43.443773578797042
42.424243273042215 -43.443773578797042 35 -48.59663782333773 42.694105180933626 -43.400010269692416
42.694105180933626 -43.400010269692416 35 -48.59663782333773 42.963176415294832 -43.350785547089011
42.963176415294832 -43.350785547089011 35 -48.59663782333773 43.231345127206126 -43.296111886650493
43.231345127206126 -43.296111886650493 35 -48.59663782333773 43.49849958404409 -43.236004101751064
43.49849958404409 -43.236004101751064 35 -48.59663782333773 43.764528220031814 -43.170479346206321
43.764528220031814 -43.170479346206321 35 -48.59663782333773 44.029319687030011 -43.099557115851425
44.029319687030011 -43.099557115851425 35 -48.59663782333773 44.292762905540663 -43.023259248955199
44.292762905540663 -43.023259248955199 35 -48.59663782333773 44.554747115894315 -42.941609925459112
44.554747115894315 -42.941609925459112 35 -48.59663782333773 44.815161929591987 -42.854635665031232
44.815161929591987 -42.854635665031232 35 -48.59663782333773 45.073897380771825 -42.762365323926026
45.073897380771825 -42.762365323926026 35 -48.59663782333773 66.932767921634834 -41.460183660252341
45.330843977770577 -42.664830090641409 45.073897380771825 -42.762365323926026 66.932767921634834 -41.460183660252341
45.585892754749459 -42.562063480365552 45.330843977770577 -42.664830090641409 66.932767921634834 -41.460183660252341
45.838935323353439 -42.454101328206754 45.585892754749459 -42.562063480365552 66.932767921634834 -41.460183660252341
46.089863924373041 -42.340981781200362 45.838935323353439 -42.454101328206754 66.932767921634834 -41.460183660252341
46.33857147937708 -42.222745289087939 46.089863924373041 -42.340981781200362 66.932767921634834 -41.460183660252341
46.584951642284672 -42.099434593864217 46.33857147937708 -42.222745289087939 66.932767921634834 -41.460183660252341
46.828898850844581 -41.971094718089034 46.584951642284672 -42.099434593864217 66.932767921634834 -41.460183660252341
47.070308377989697 -41.837772951961554 46.828898850844581 -41.971094718089034 66.932767921634834 -41.460183660252341
47.309076383034245 -41.699518839155523 47.070308377989697 -41.837772951961554 66.932767921634834 -41.460183660252341
47.545099962681249 -41.55638416141516 47.309076383034245 -41.699518839155523 66.932767921634834 -41.460183660252341
47.778277201807541 -41.408422921911949 47.545099962681249 -41.55638416141516 66.932767921634834 -41.460183660252341
48.008507223993526 -41.25569132736382 47.778277201807541 -41.408422921911949 66.932767921634834 -41.460183660252341
48.235690241764793 -41.098247768919109 48.008507223993526 -41.25569132736382 66.932767921634834 -41.460183660252341
48.459727606512786 -40.936152801808504 48.235690241764793 -41.098247768919109 66.932767921634834 -41.460183660252341
48.680521858061411 -40.769469123769234 48.459727606512786 -40.936152801808504 66.932767921634834 -41.460183660252341
48.897976773846864 -40.59826155224679 48.680521858061411 -40.769469123769234 66.932767921634834 -41.460183660252341
49.111997417677628 -40.422597000380222 48.897976773846864 -40.59826155224679 66.932767921634834 -41.460183660252341
49.32249018804184 -40.242544451778272 49.111997417677628 -40.422597000380222 66.932767921634834 -41.460183660252341
49.529362865929485 -40.058174934094417 49.32249018804184 -40.242544451778272 66.932767921634834 -41.460183660252341
49.732524662136584 -39.869561491409776 49.529362865929485 -40.058174934094417 66.932767921634834 -41.460183660252341
49.931886264019113 -39.676779155434048 49.732524662136584 -39.869561491409776 66.932767921634834 -41.460183660252341
50.127359881664447 -39.479904915535414 49.931886264019113 -39.676779155434048 66.932767921634834 -41.460183660252341
50.318859293448149 -39.279017687611358 50.127359881664447 -39.479904915535414 66.932767921634834 -41.460183660252341
50.506299890944582 -39.074198281813224 50.318859293448149 -39.279017687611358 66.932767921634834 -41.460183660252341
50.689598723159648 -38.865529369138464 50.506299890944582 -39.074198281813224 66.932767921634834 -41.460183660252341
50.868674540054691 -38.653095446905276 50.689598723159648 -38.865529369138464 66.932767921634834 -41.460183660252341
51.043447835330625 -38.436982803125339 50.868674540054691 -38.653095446905276 66.932767921634834 -41.460183660252341
51.213840888441851 -38.217279479791358 51.043447835330625 -38.436982803125339 66.932767921634834 -41.460183660252341
51.379777805810029 -37.99407523509683 51.213840888441851 -38.217279479791358 66.932767921634834 -41.460183660252341
51.541184561207963 -37.767461504606544 51.379777805810029 -37.99407523509683 66.932767921634834 -41.460183660252341
51.697989035284529 -37.537531361397235 51.541184561207963 -37.767461504606544 66.932767921634834 -41.460183660252341
51.850121054201999 -37.304379475188334 51.697989035284529 -37.537531361397235 66.932767921634834 -41.460183660252341
51.997512427357556 -37.068102070484294 51.850121054201999 -37.304379475188334 66.928705923583152 -41.260183660252352
52.140096984161453 -36.828796883749966 51.997512427357556 -37.068102070484294 66.920253756298123 -40.860183660252375
52.277810609844799 -36.586563119642157 52.140096984161453 -36.828796883749966 66.911371285887725 -40.460183660252397
52.410591280270452 -36.34150140632071 52.277810609844799 -36.586563119642157 66.902067607225518 -40.06018366025242
52.538379095721425 -36.093713749863525 52.410591280270452 -36.34150140632071 66.887343277758731 -39.460183660252454
52.661116313641351 -35.843303487810829 52.538379095721425 -36.093713749863525 66.877029174706493 -39.060183660252477
52.778747380302839 -35.590375241864379 52.661116313641351 -35.843303487810829 66.866329026723548 -38.6601836602525
52.891218961379735 -35.335034869768378 52.778747380302839 -35.590375241864379 66.855253789826463 -38.260183660252522
52.998479971400329 -35.077389416399512 52.891218961379735 -35.335034869768378 66.843814804090087 -37.860183660252545
53.100481602059176 -34.817547064094157 52.998479971400329 -35.077389416399512 66.826000016450749 -37.260183660252579
53.197177349366029 -34.555617082241483 53.100481602059176 -34.817547064094157 66.813703686023089 -36.860183660252602
53.986604420396979 -30.453170332819234 53.973441652985045 -30.732724830160844 66.590606267290823 -30.660183660252954
53.994047984967061 -30.173380856637607 53.986604420396979 -30.453170332819234 66.574827462842521 -30.260183660252977
53.996173336369949 -29.923889803846208 53.994047984967061 -30.173380856637607 66.558972041610573 -29.860183660253
53.997097650355144 -29.723889803846205 53.996173336369949 -29.923889803846208 66.551020670392219 -29.660183660253011
53.997894710056627 -29.523889803846203 53.997097650355144 -29.723889803846205 66.543056238160887 -29.460183660253023
53.998564311431494 -29.3238898038462 53.997894710056627 -29.523889803846203 66.535080783767725 -29.260183660253034
27.122242225342056 -14.714828622660768 28.847848426964596 -14.135805191783009 27.088085668008809 -14.137782243593923
53.99910628306543 -29.123889803846197 53.998564311431494 -29.3238898038462 66.527096348885507 -29.060183660253045
53.999520486216667 -28.923889803846194 53.99910628306543 -29.123889803846197 66.519104977485952 -28.860183660253057
53.999806814851453 -28.723889803846191 53.999520486216667 -28.923889803846194 66.51110871531651 -28.660183660253068
53.99996519567123 -28.523889803846188 53.999806814851453 -28.723889803846191 66.51110871531651 -28.660183660253068
53.99999558813137 -28.323889803846185 53.99996519567123 -28.523889803846188 66.487111057298961 -28.060183660253102
53.999897984451557 -28.123889803846183 53.99999558813137 -28.323889803846185 66.487111057298961 -28.060183660253102
53.999672409617823 -27.92388980384618 53.999897984451557 -28.123889803846183 66.479115706703183 -27.860183660253114
53.999318921376073 -27.723889803846177 53.999672409617823 -27.92388980384618 66.471125702372419 -27.660183660253125
53.998837610217379 -27.523889803846174 53.999318921376073 -27.723889803846177 66.463143089704175 -27.460183660253136
53.998228599354761 -27.323889803846171 53.998837610217379 -27.523889803846174 66.447208210960824 -27.060183660253159
33.040847924588093 -10.892036732051011 46.386875634125694 -10.923889803845938 46.384928405190692 -10.723889803845935
53.997492044691683 -27.123889803846168 53.998228599354761 -27.323889803846171 66.439260024127648 -26.860183660253171
53.996628134782107 -26.923889803846166 53.997492044691683 -27.123889803846168 66.431327386396589 -26.660183660253182
53.995637090782253 -26.723889803846163 53.996628134782107 -26.923889803846166 66.423412328479557 -26.460183660253193
53.994519166393978 -26.52388980384616 53.995637090782253 -26.723889803846163 66.415516876588171 -26.260183660253205
53.993274647799815 -26.323889803846157 53.994519166393978 -26.52388980384616 66.407643051915002 -26.060183660253216
53.991903853589733 -26.123889803846154 53.993274647799815 -26.323889803846157 66.399792870116144 -25.860183660253227
53.990407134679558 -25.923889803846151 53.991903853589733 -26.123889803846154 66.391968340795287 -25.660183660253239
53.98878487422116 -25.723889803846149 53.990407134679558 -25.923889803846151 66.384171466989187 -25.46018366025325
53.987037487504352 -25.523889803846146 53.98878487422116 -25.723889803846149 66.376404244654964 -25.260183660253261
53.985165421850596 -25.323889803846143 53.987037487504352 -25.523889803846146 66.368668662159124 -25.060183660253273
53.983169156498477 -25.12388980384614 53.985165421850596 -25.323889803846143 66.360966699768525 -24.860183660253284
53.981049202481017 -24.923889803846137 53.983169156498477 -25.12388980384614 66.35330032914348 -24.660183660253296
53.978806102494872 -24.723889803846134 53.981049202481017 -24.923889803846137 66.345671512833022 -24.460183660253307
53.976440430761386 -24.523889803846131 53.978806102494872 -24.723889803846134 66.33808220377243 -24.260183660253318
53.973952792879601 -24.323889803846129 53.976440430761386 -24.523889803846131 66.330534344783402 -24.06018366025333
53.971343825671227 -24.123889803846126 53.973952792879601 -24.323889803846129 66.323029868076617 -23.860183660253341
53.968614197017629 -23.923889803846123 53.971343825671227 -24.123889803846126 66.315570694757099 -23.660183660253352
53.965764605688832 -23.72388980384612 53.968614197017629 -23.923889803846123 66.308158734332522 -23.460183660253364
53.962795781164651 -23.523889803846117 53.965764605688832 -23.72388980384612 66.300795884224243 -23.260183660253375
53.959708483447947 -23.323889803846114 53.962795781164651 -23.523889803846117 66.2934840292817 -23.060183660253387
53.956503502870092 -23.123889803846112 53.959708483447947 -23.323889803846114 66.286225041299815 -22.860183660253398
53.953181659888585 -22.923889803846109 53.956503502870092 -23.123889803846112 66.279020778539859 -22.660183660253409
53.949743804877116 -22.723889803846106 53.953181659888585 -22.923889803846109 66.271873085253787 -22.460183660253421
53.94619081790777 -22.523889803846103 53.949743804877116 -22.723889803846106 66.264783791212011 -22.260183660253432
53.942523608525818 -22.3238898038461 53.94619081790777 -22.523889803846103 66.257754711235094 -22.060183660253443
53.938743115516829 -22.123889803846097 53.942523608525818 -22.3238898038461 66.250787644729144 -21.860183660253455
53.93485030666637 -21.923889803846095 53.938743115516829 -22.123889803846097 66.243884375225122 -21.660183660253466
53.930846178512247 -21.723889803846092 53.93485030666637 -21.923889803846095 66.237046669922321 -21.460183660253477
53.926731756089403 -21.523889803846089 53.930846178512247 -21.723889803846092 66.230276279235952 -21.260183660253489
53.922508092667499 -21.323889803846086 53.926731756089403 -21.523889803846089 66.223574936349053 -21.0601836602535
53.918176269481314 -21.123889803846083 53.922508092667499 -21.323889803846086 66.216944356768821 -20.860183660253512
53.913737395453921 -20.92388980384608 53.918176269481314 -21.123889803846083 66.210386237887406 -20.660183660253523
53.909192606912832 -20.723889803846077 53.913737395453921 -20.92388980384608 66.20390225854743 -20.460183660253534
53.904543067299088 -20.523889803846075 53.909192606912832 -20.723889803846077 66.197494078612195 -20.260183660253546
53.899789966869442 -20.323889803846072 53.904543067299088 -20.523889803846075 66.191163338540761 -20.060183660253557
53.894934522391644 -20.123889803846069 53.899789966869442 -20.323889803846072 66.184911658968019 -19.860183660253568
53.889977976832967 -19.923889803846066 53.894934522391644 -20.123889803846069 66.178740640289789 -19.66018366025358
53.884921599042002 -19.723889803846063 53.889977976832967 -19.923889803846066 66.172651862253147 -19.460183660253591
53.879766683423853 -19.52388980384606 53.884921599042002 -19.723889803846063 66.166646883552033 -19.260183660253603
53.874514549608755 -19.323889803846058 53.879766683423853 -19.52388980384606 66.160727241428191 -19.060183660253614
53.869166542114293 -19.123889803846055 53.874514549608755 -19.323889803846058 66.154894451277684 -18.860183660253625
53.863724030001173 -18.923889803846052 53.869166542114293 -19.123889803846055 66.149150006262929 -18.660183660253637
53.858188406522771 -18.723889803846049 53.863724030001173 -18.923889803846052 66.143495376930474 -18.460183660253648
53.852561088768475 -18.523889803846046 53.858188406522771 -18.723889803846049 66.137932010834547 -18.260183660253659
53.84684351730089 -18.323889803846043 53.852561088768475 -18.523889803846046 66.1324613321665 -18.060183660253671
53.841037155787085 -18.123889803846041 53.84684351730089 -18.323889803846043 66.127084741390178 -17.860183660253682
53.835143490623899 -17.923889803846038 53.841037155787085 -18.123889803846041 66.121803614883461 -17.660183660253693
53.829164030557429 -17.723889803846035 53.835143490623899 -17.923889803846038 66.116619304585896 -17.460183660253705
53.823100306296801 -17.523889803846032 53.829164030557429 -17.723889803846035 66.1115331376526 -17.260183660253716
53.816953870122298 -17.323889803846029 53.823100306296801 -17.523889803846032 66.10654641611454 -17.060183660253728
53.810726295488024 -17.123889803846026 53.816953870122298 -17.323889803846029 66.101660416545201 -16.860183660253739
53.804419176619064 -16.923889803846023 53.810726295488024 -17.123889803846026 66.096876389733765 -16.66018366025375
53.798034128103417 -16.723889803846021 53.804419176619064 -16.923889803846023 66.092195560364999 -16.460183660253762
53.791572784478618 -16.523889803846018 53.798034128103417 -16.723889803846021 66.087619126705633 -16.260183660253773
53.785036799813362 -16.323889803846015 53.791572784478618 -16.523889803846018 66.083148260297705 -16.060183660253784
53.778427847284021 -16.123889803846012 53.785036799813362 -16.323889803846015 66.078784105658585 -15.860183660253796
53.771747618746346 -15.923889803846009 53.778427847284021 -16.123889803846012 66.074527779988045 -15.660183660253807
53.764997824302363 -15.723889803846006 53.771747618746346 -15.923889803846009 66.070380372882198 -15.460183660253819
53.758180191862593 -15.523889803846004 53.764997824302363 -15.723889803846006 66.066342946054618 -15.26018366025383
53.7512964667037 -15.323889803846001 53.758180191862593 -15.523889803846004 66.062416533064521 -15.060183660253841
53.744348411021733 -15.123889803845998 53.7512964667037 -15.323889803846001 66.058602139052184 -14.860183660253853
53.737337803480997 -14.923889803845995 53.744348411021733 -15.123889803845998 66.054900740481656 -14.660183660253864
53.73026643875874 -14.723889803845992 53.737337803480997 -14.923889803845995 66.051313284890753 -14.460183660253875
53.723136127085716 -14.523889803845989 53.73026643875874 -14.723889803845992 66.047840690648513 -14.260183660253887
53.715948693782771 -14.323889803845987 53.723136127085716 -14.523889803845989 66.044483846720098 -14.060183660253898
53.708705978793567 -14.123889803845984 53.715948693782771 -14.323889803845987 66.041243612439203 -13.860183660253909
53.7014098362136 -13.923889803845981 53.708705978793567 -14.123889803845984 66.038120817288132 -13.660183660253921
53.694062133815521 -13.723889803845978 53.7014098362136 -13.923889803845981 66.035116260685385 -13.460183660253932
53.686664752571012 -13.523889803845975 53.694062133815521 -13.723889803845978 66.03223071178104 -13.260183660253944
53.679219586169275 -13.323889803845972 53.686664752571012 -13.523889803845975 66.029464909259843 -13.060183660253955
53.671728540532243 -13.123889803845969 53.679219586169275 -13.323889803845972 66.026819561152166 -12.860183660253966
53.664193533326703 -12.923889803845967 53.671728540532243 -13.123889803845969 66.024295344652643 -12.660183660253978
53.656616493473329 -12.723889803845964 53.664193533326703 -12.923889803845967 66.021892905946942 -12.460183660253989
53.648999360652965 -12.523889803845961 53.656616493473329 -12.723889803845964 66.019612860046237 -12.260183660254
53.641344084809994 -12.323889803845958 53.648999360652965 -12.523889803845961 66.017455790629825 -12.060183660254012
53.633652625653234 -12.123889803845955 53.641344084809994 -12.323889803845958 66.015422249895693 -11.860183660254023
53.625926952154224 -11.923889803845952 53.633652625653234 -12.123889803845955 66.013512758419182 -11.660183660254035
53.618169042043178 -11.72388980384595 53.625926952154224 -11.923889803845952 66.01172780501966 -11.460183660254046
53.610380881302731 -11.523889803845947 53.618169042043178 -11.72388980384595 66.010067846635465 -11.260183660254057
53.60256446365949 -11.323889803845944 53.610380881302731 -11.523889803845947 66.008533308206864 -11.060183660254069
53.594721790073692 -11.123889803845941 53.60256446365949 -11.323889803845944 66.007124582567329 -10.86018366025408
53.586854868226929 -10.923889803845938 53.594721790073692 -11.123889803845941 66.005842030342919 -10.660183660254091
53.578965712008248 -10.723889803845935 53.586854868226929 -10.923889803845938 66.004685979860014 -10.460183660254103
53.571056340998538 -10.523889803845933 53.578965712008248 -10.723889803845935 66.003656727061198 -10.260183660254114
53.563128779953601 -10.32388980384593 53.571056340998538 -10.523889803845933 66.002754535429588 -10.060183660254125
53.555185058285751 -10.123889803845927 53.563128779953601 -10.32388980384593 66.001979635921302 -9.8601836602541368
53.547227209544367 -9.923889803845924 53.555185058285751 -10.123889803845927 66.001332226906399 -9.6601836602541482
53.539257270895263 -9.7238898038459212 53.547227209544367 -9.923889803845924 66.000812474118035 -9.4601836602541596
53.531277282599198 -9.5238898038459183 53.539257270895263 -9.7238898038459212 66.000812474118035 -9.4601836602541596
53.523289287489604 -9.3238898038459155 53.531277282599198 -9.5238898038459183 66.000420510610084 -9.2601836602541709
53.515295330449604 -9.1238898038459126 53.523289287489604 -9.3238898038459155 66.000156436723074 -9.0601836602541823
53.507297457888541 -8.9238898038459098 53.515295330449604 -9.1238898038459126 66.000020320058468 -8.8601836602541937
53.491298156328241 -8.5238898038459041 53.507297457888541 -8.9238898038459098 66.000132065011726 -8.4601836602542164
53.483300823062827 -8.3238898038459013 53.491298156328241 -8.5238898038459041 66.000379898023482 -8.2601836602542278
53.475307764695508 -8.1238898038458984 53.483300823062827 -8.3238898038459013 66.000755631052769 -8.0601836602542392
53.467321027405575 -7.9238898038458956 53.475307764695508 -8.1238898038458984 66.001259167914 -7.8601836602542505
53.459342655754156 -7.7238898038458927 53.467321027405575 -7.9238898038458956 66.001890379704463 -7.6601836602542619
53.451374692160826 -7.5238898038458899 53.459342655754156 -7.7238898038458927 66.002649104837417 -7.4601836602542733
53.443419176380743 -7.3238898038458871 53.451374692160826 -7.5238898038458899 66.003535149083348 -7.2601836602542846
53.435478144982504 -7.1238898038458842 53.443419176380743 -7.3238898038458871 66.004548285619776 -7.060183660254296
53.427553630826779 -6.9238898038458814 53.435478144982504 -7.1238898038458842 66.005688255089296 -6.8601836602543074
53.419647662545906 -6.7238898038458785 53.427553630826779 -6.9238898038458814 66.006954765665924 -6.6601836602543187
53.411762264024595 -6.5238898038458757 53.419647662545906 -6.7238898038458785 66.008347493129875 -6.4601836602543301
53.403899453881806 -6.3238898038458728 53.411762264024595 -6.5238898038458757 66.00986608095053 -6.2601836602543415
53.396061244953991 -6.12388980384587 53.403899453881806 -6.3238898038458728 66.011510140377709 -6.0601836602543528
53.38824964377983 -5.9238898038458672 53.396061244953991 -6.12388980384587 66.01327925054116 -5.8601836602543642
53.380466650086554 -5.7238898038458643 53.38824964377983 -5.9238898038458672 66.015172958558367 -5.6601836602543756
53.372714256278059 -5.5238898038458615 53.380466650086554 -5.7238898038458643 66.017190779650377 -5.460183660254387
53.364994446924804 -5.3238898038458586 53.372714256278059 -5.5238898038458615 66.019332197266053 -5.2601836602543983
53.357309198255834 -5.1238898038458558 53.364994446924804 -5.3238898038458586 66.021596663214169 -5.0601836602544097
53.34966047765284 -4.923889803845853 53.357309198255834 -5.1238898038458558 66.023983597803792 -4.8601836602544211
53.342050243146517 -4.7238898038458501 53.34966047765284 -4.923889803845853 66.026492389992725 -4.6601836602544324
53.334480442915336 -4.5238898038458473 53.342050243146517 -4.7238898038458501 66.029122397543858 -4.4601836602544438
53.326953014786824 -4.3238898038458444 53.334480442915336 -4.5238898038458473 66.031872947189612 -4.2601836602544552
53.319469885741462 -4.1238898038458416 53.326953014786824 -4.3238898038458444 66.034743334804318 -4.0601836602544665
53.312032971419427 -3.9238898038458392 53.319469885741462 -4.1238898038458416 66.037732825584413 -3.8601836602544779
53.304644175630166 -3.7238898038458363 53.312032971419427 -3.9238898038458392 66.04084065423659 -3.6601836602544893
53.297305389865052 -3.5238898038458335 53.304644175630166 -3.7238898038458363 66.044066025173677 -3.4601836602545006
53.290018492813161 -3.3238898038458307 53.297305389865052 -3.5238898038458335 66.04740811271833 -3.260183660254512
53.282785349880335 -3.1238898038458278 53.290018492813161 -3.3238898038458307 66.050866061314395 -3.0601836602545234
53.275607812711669 -2.923889803845825 53.282785349880335 -3.1238898038458278 66.054438985745904 -2.8601836602545347
53.268487718717481 -2.7238898038458221 53.275607812711669 -2.923889803845825 66.058125971363737 -2.6601836602545461
53.261426890602941 -2.5238898038458193 53.268487718717481 -2.7238898038458221 66.0619260743197 -2.4601836602545575
53.254427135901494 -2.3238898038458164 53.261426890602941 -2.5238898038458193 66.065838321808187 -2.2601836602545688
53.247490246512115 -2.1238898038458136 53.254427135901494 -2.3238898038458164 66.069861712315216 -2.0601836602545802
53.240617998240602 -1.9238898038458108 53.247490246512115 -2.1238898038458136 66.073995215874774 -1.8601836602545916
53.233812150344974 -1.7238898038458079 53.240617998240602 -1.9238898038458108 66.07823777433255 -1.660183660254603
53.22707444508513 -1.5238898038458051 53.233812150344974 -1.7238898038458079 66.08258830161671 -1.4601836602546143
53.220406607276821 -1.3238898038458022 53.22707444508513 -1.5238898038458051 66.087045684016076 -1.2601836602546257
53.213810343850113 -1.1238898038457994 53.220406607276821 -1.3238898038458022 66.091608780465052 -1.0601836602546371
53.207287343412411 -0.92388980384579655 53.213810343850113 -1.1238898038457994 66.091608780465052 -1.0601836602546371
53.200839275816207 -0.72388980384579371 53.207287343412411 -0.92388980384579655 66.096276422835899 -0.86018366025464843
53.194467791731597 -0.52388980384579087 53.200839275816207 -0.72388980384579371 66.101047416237634 -0.6601836602546598
53.188174522223704 -0.32388980384578797 53.194467791731597 -0.52388980384579087 66.105920539322028 -0.46018366025467117
53.181961078335149 -0.12388980384578513 53.188174522223704 -0.32388980384578797 66.110894544596178 -0.26018366025468254
53.175829050673642 0.076110196154217713 53.181961078335149 -0.12388980384578513 66.115968158741893 -0.060183660254693905
53.169780009004768 0.27611019615422056 53.175829050673642 0.076110196154217713 66.121140082941665 0.13981633974529473
53.163815501850166 0.4761101961542234 53.169780009004768 0.27611019615422056 66.126408993211129 0.33981633974528336
53.157937056091093 0.6761101961542263 53.163815501850166 0.4761101961542234 66.131773540738052 0.53981633974527199
53.152146176577553 0.87611019615422914 53.157937056091093 0.6761101961542263 66.137232352227556 0.73981633974526062
53.146444345743078 1.0761101961542319 53.152146176577553 0.87611019615422914 66.142784030253722 0.93981633974524925
53.140833023225227 1.2761101961542347 53.146444345743078 1.0761101961542319 66.148427153617263 1.1398163397452379
53.135313645491912 1.4761101961542376 53.140833023225227 1.2761101961542347 66.154160277709451 1.3398163397452265
53.1298876254737 1.6761101961542404 53.135313645491912 1.4761101961542376 66.159981934881813 1.5398163397452151
53.124556352202077 1.8761101961542432 53.1298876254737 1.6761101961542404 66.165890634821906 1.7398163397452038
53.119321190453881 2.0761101961542461 53.124556352202077 1.8761101961542432 66.171884864934825 1.9398163397451924
53.114183480401934 2.2761101961542489 53.119321190453881 2.0761101961542461 66.177963090730387 2.139816339745181
53.109144537271952 2.4761101961542518 53.114183480401934 2.2761101961542489 66.184123756215982 2.3398163397451697
53.104205651005856 2.6761101961542546 53.109144537271952 2.4761101961542518 66.190365284294899 2.5398163397451583
53.099368085931552 2.8761101961542574 53.104205651005856 2.6761101961542546 66.196686077170028 2.7398163397451469
53.09463308043928 3.0761101961542603 53.099368085931552 2.8761101961542574 66.203084516752924 2.9398163397451356
53.090001846664599 3.2761101961542631 53.09463308043928 3.0761101961542603 66.209558965077974 3.1398163397451242
53.085475570178048 3.476110196154266 53.090001846664599 3.2761101961542631 66.216107764721798 3.3398163397451128
53.081055409681696 3.6761101961542688 53.085475570178048 3.476110196154266 66.222729239227434 3.5398163397451015
53.076742496712491 3.8761101961542717 53.081055409681696 3.6761101961542688 66.229421693533581 3.7398163397450901
53.072537935352599 4.0761101961542749 53.076742496712491 3.8761101961542717 66.236183414408458 3.9398163397450787
53.068442801946759 4.2761101961542778 53.072537935352599 4.0761101961542749 66.243012670888476 4.1398163397450674
53.064458144826766 4.4761101961542806 53.068442801946759 4.2761101961542778 66.249907714721274 4.339816339745056
53.060584984043075 4.6761101961542835 53.064458144826766 4.4761101961542806 66.256866780813269 4.5398163397450446
53.056824311103703 4.8761101961542863 53.060584984043075 4.6761101961542835 66.263888087681565 4.7398163397450332
53.05337829420656 5.0528718949820428 53.056824311103703 4.8761101961542863 66.270969837909931 4.9398163397450219
53.052293448060993 5.1918820259642775 53.05337829420656 5.0528718949820428 66.270969837909931 4.9398163397450219
53.054106650924432 5.3309511700058065 53.052293448060993 5.1918820259642775 66.270969837909931 4.9398163397450219
53.058820522226497 5.470016628012039 53.054106650924432 5.3309511700058065 66.270969837909931 4.9398163397450219
53.066436253628737 5.6090155924430132 53.058820522226497 5.470016628012039 66.270969837909931 4.9398163397450219
53.076953604788663 5.7478851821792203 53.066436253628737 5.6090155924430132 66.270969837909931 4.9398163397450219
53.090370900049933 5.8865624775457883 53.076953604788663 5.7478851821792203 66.270969837909931 4.9398163397450219
53.106685026064213 6.0249845554681745 53.090370900049933 5.8865624775457883 66.270969837909931 4.9398163397450219
53.125891430349974 6.1630885247323519 53.106685026064213 6.0249845554681745 66.270969837909931 4.9398163397450219
53.14798412079184 6.3008115613223419 53.125891430349974 6.1630885247323519 66.270969837909931 4.9398163397450219
53.17295566608405 6.4380909438076959 53.14798412079184 6.3008115613223419 66.270969837909931 4.9398163397450219
53.200797197120202 6.5748640887535217 53.17295566608405 6.4380909438076959 66.270969837909931 4.9398163397450219
53.231498409330825 6.7110685861255135 53.200797197120202 6.5748640887535217 66.270969837909931 4.9398163397450219
53.265047565969418 6.8466422346622924 53.231498409330825 6.7110685861255135 66.270969837909931 4.9398163397450219
53.301431502346624 6.9815230771875418 53.265047565969418 6.8466422346622924 66.270969837909931 4.9398163397450219
53.340635631011622 7.1156494358341664 53.301431502346624 6.9815230771875418 66.270969837909931 4.9398163397450219
53.382643947878599 7.2489599471529242 53.340635631011622 7.1156494358341664 66.270969837909931 4.9398163397450219
53.427439039295521 7.3813935970779454 53.382643947878599 7.2489599471529242 66.270969837909931 4.9398163397450219
53.475002090051589 7.5128897557215844 53.427439039295521 7.3813935970779454 66.270969837909931 4.9398163397450219
53.525312892318688 7.643388211971307 53.475002090051589 7.5128897557215844 66.270969837909931 4.9398163397450219
53.578349855521481 7.7728292078612782 53.525312892318688 7.643388211971307 66.270969837909931 4.9398163397450219
53.634090017129928 7.9011534726916111 53.578349855521481 7.7728292078612782 66.270969837909931 4.9398163397450219
53.692509054367022 8.0283022568683897 53.634090017129928 7.9011534726916111 66.270969837909931 4.9398163397450219
53.753581296823867 8.1542173654377397 53.692509054367022 8.0283022568683897 66.270969837909931 4.9398163397450219
53.817279739973195 8.2788411912875954 53.753581296823867 8.1542173654377397 66.270969837909931 4.9398163397450219
53.883576059571844 8.4021167479909415 53.817279739973195 8.2788411912875954 66.270969837909931 4.9398163397450219
53.952440626941723 8.5239877022647494 53.883576059571844 8.4021167479909415 66.270969837909931 4.9398163397450219
54.023842525117928 8.6443984060190679 53.952440626941723 8.5239877022647494 66.270969837909931 4.9398163397450219
54.097749565852112 8.7632939279710786 54.023842525117928 8.6443984060190679 66.270969837909931 4.9398163397450219
54.174128307458219 8.8806200847994106 54.097749565852112 8.7632939279710786 66.270969837909931 4.9398163397450219
54.252944073487022 8.9963234718142608 54.174128307458219 8.8806200847994106 66.270969837909931 4.9398163397450219
54.33416097221513 9.1103514931195004 54.252944073487022 8.9963234718142608 66.270969837909931 4.9398163397450219
54.417741916933345 9.2226523912431482 54.33416097221513 9.1103514931195004 66.270969837909931 4.9398163397450219
54.503648647018608 9.3331752762133426 54.417741916933345 9.2226523912431482 66.270969837909931 4.9398163397450219
54.591841749773039 9.4418701540572521 54.503648647018608 9.3331752762133426 66.270969837909931 4.9398163397450219
54.682280683012706 9.5486879547010126 54.591841749773039 9.4418701540572521 66.270969837909931 4.9398163397450219
54.774923798388535 9.6535805592492405 54.682280683012706 9.5486879547010126 66.270969837909931 4.9398163397450219
54.869728365420464 9.7565008266232987 54.774923798388535 9.6535805592492405 66.270969837909931 4.9398163397450219
54.966650596225975 9.8574026195381297 54.869728365420464 9.7565008266232987 66.270969837909931 4.9398163397450219
55.065645670923018 9.9562408297979257 54.966650596225975 9.8574026195381297 66.270969837909931 4.9398163397450219
55.166667763687052 10.052971402891755 55.065645670923018 9.9562408297979257 66.270969837909931 4.9398163397450219
55.269670069441148 10.147551361870745 55.166667763687052 10.052971402891755 66.270969837909931 4.9398163397450219
55.374604831157697 10.23993883048915 55.269670069441148 10.147551361870745 66.270969837909931 4.9398163397450219
55.481423367749684 10.330093055592396 55.374604831157697 10.23993883048915 66.270969837909931 4.9398163397450219
55.590076102528968 10.417974428735761 55.481423367749684 10.330093055592396 66.270969837909931 4.9398163397450219
55.700512592208504 10.503544507018184 55.590076102528968 10.417974428735761 66.270969837909931 4.9398163397450219
55.812681556425041 10.586766033116399 55.700512592208504 10.503544507018184 66.270969837909931 4.9398163397450219
55.926530907758398 10.667602954505304 55.812681556425041 10.586766033116399 66.270969837909931 4.9398163397450219
56.042007782222946 10.746020441851339 55.926530907758398 10.667602954505304 66.270969837909931 4.9398163397450219
56.159058570206561 10.82198490656628 56.042007782222946 10.746020441851339 66.270969837909931 4.9398163397450219
56.277628947832085 10.895464017509802 56.159058570206561 10.82198490656628 66.270969837909931 4.9398163397450219
56.397663908715721 10.966426716829842 56.277628947832085 10.895464017509802 66.270969837909931 4.9398163397450219
56.519107796096804 11.03484323493066 56.397663908715721 10.966426716829842 66.270969837909931 4.9398163397450219
56.641904335312958 11.100685104559343 56.519107796096804 11.03484323493066 66.270969837909931 4.9398163397450219
56.641904335312958 11.100685104559343 66.270969837909931 4.9398163397450219 56.765996666594262 11.163925174002209
53.973441652985045 -30.732724830160844 53.954566644790219 -31.011925020100502 66.606292298838454 -31.060183660252932
56.765996666594262 11.163925174002209 66.270969837909931 4.9398163397450219 56.89132737815018 11.224537619383584
56.89132737815018 11.224537619383584 66.270969837909931 4.9398163397450219 57.017838539522458 11.28249795606007
57.017838539522458 11.28249795606007 66.270969837909931 4.9398163397450219 57.145471735177225 11.337783049104395
57.145471735177225 11.337783049104395 66.270969837909931 4.9398163397450219 57.274168098309445 11.390371122873802
57.274168098309445 11.390371122873802 66.270969837909931 4.9398163397450219 57.403868344832468 11.440241769658629
57.403868344832468 11.440241769658629 66.270969837909931 4.9398163397450219 57.534512807525701 11.487375957407785
57.534512807525701 11.487375957407785 66.270969837909931 4.9398163397450219 57.666041470313253 11.531756036528567
53.954566644790219 -31.011925020100502 53.929988924135124 -31.290651780500248 66.621869496359707 -31.460183660252909
57.666041470313253 11.531756036528567 66.270969837909931 4.9398163397450219 57.798394002646141 11.573365745759112
57.798394002646141 11.573365745759112 66.270969837909931 4.9398163397450219 57.931509793961069 11.612190217112731
57.931509793961069 11.612190217112731 66.270969837909931 4.9398163397450219 58.065327988188422 11.64821597989409
58.065327988188422 11.64821597989409 66.270969837909931 4.9398163397450219 58.199787518282612 11.681430963788188
58.199787518282612 11.681430963788188 66.270969837909931 4.9398163397450219 58.334827140747436 11.711824501023848
58.334827140747436 11.711824501023848 66.270969837909931 4.9398163397450219 58.470385470129806 11.739387327614281
58.470385470129806 11.739387327614281 66.270969837909931 4.9398163397450219 58.606401013455006 11.764111583678188
53.929988924135124 -31.290651780500248 53.89972057928852 -31.568786253430197 66.637321910165454 -31.860183660252886
58.606401013455006 11.764111583678188 66.270969837909931 4.9398163397450219 58.742812204576822 11.785990812845601
58.742812204576822 11.785990812845601 66.270969837909931 4.9398163397450219 58.879557438416292 11.805019960753588
58.879557438416292 11.805019960753588 66.270969837909931 4.9398163397450219 59.016575105062792 11.82119537263767
59.016575105062792 11.82119537263767 66.270969837909931 4.9398163397450219 59.153803623711688 11.834514790025683
59.153803623711688 11.834514790025683 66.270969837909931 4.9398163397450219 59.291181476412731 11.844977346541555
59.291181476412731 11.844977346541555 66.270969837909931 4.9398163397450219 59.42864724160416 11.852583562827299
53.89972057928852 -31.568786253430197 53.863776250760345 -31.846209902750061 66.652633718334158 -32.260183660252864
59.42864724160416 11.852583562827299 66.270969837909931 4.9398163397450219 59.566139627407203 11.857335340592257
59.566139627407203 11.857335340592257 66.277496587000257 5.0877753792520082 59.703597504656628 11.859235955799427
59.703597504656628 11.859235955799427 66.277496587000257 5.0877753792520082 59.840959939642921 11.85829005099944
59.840959939642921 11.85829005099944 66.277496587000257 5.0877753792520082 59.978166226542271 11.854503626823458
59.978166226542271 11.854503626823458 66.277496587000257 5.0877753792520082 60.115155919511025 11.847884032647039
60.115155919511025 11.847884032647039 66.277496587000257 5.0877753792520082 60.25186886442156 11.838439956437663
60.25186886442156 11.838439956437663 66.277496587000257 5.0877753792520082 60.38824523021708 11.826181413799329
53.863776250760345 -31.846209902750061 53.822173122216199 -32.122804571452271 66.667789242912164 -32.660183660252841
60.38824523021708 11.826181413799329 66.277496587000257 5.0877753792520082 60.524225539863394 11.811119736228308
60.524225539863394 11.811119736228308 66.277496587000257 5.0877753792520082 60.659750700876209 11.793267558594732
60.659750700876209 11.793267558594732 66.277496587000257 5.0877753792520082 60.794762035402826 11.772638805865418
60.794762035402826 11.772638805865418 66.277496587000257 5.0877753792520082 60.929201309838085 11.74924867908385
60.929201309838085 11.74924867908385 66.277496587000257 5.0877753792520082 61.063010763954573 11.723113640623904
61.063010763954573 11.723113640623904 66.277496587000257 5.0877753792520082 61.196133139527916 11.694251398734389
53.822173122216199 -32.122804571452271 53.774930910019087 -32.39845253873078 66.682772965966564 -33.060183660252818
61.196133139527916 11.694251398734389 66.277496587000257 5.0877753792520082 61.328511708438604 11.662680891392146
61.328511708438604 11.662680891392146 66.277496587000257 5.0877753792520082 61.460090300232267 11.628422269481845
61.460090300232267 11.628422269481845 66.277496587000257 5.0877753792520082 61.590813329121112 11.591496879321205
61.590813329121112 11.591496879321205 66.277496587000257 5.0877753792520082 61.720625820409893 11.551927244550825
61.720625820409893 11.551927244550825 66.277496587000257 5.0877753792520082 61.849473436330285 11.509737047408269
61.849473436330285 11.509737047408269 66.277496587000257 5.0877753792520082 61.977302501268447 11.464951109406449
61.977302501268447 11.464951109406449 66.277496587000257 5.0877753792520082 62.104060026371108 11.417595371436873
53.774930910019087 -32.39845253873078 53.722071851407293 -32.673036576740017 66.697569545474224 -33.460183660252795
62.104060026371108 11.417595371436873 66.277496587000257 5.0877753792520082 62.229693733516214 11.36769687331851
62.229693733516214 11.36769687331851 66.277496587000257 5.0877753792520082 62.354152078635096 11.315283732813615
62.354152078635096 11.315283732813615 66.277496587000257 5.0877753792520082 62.477384274373485 11.260385124132032
62.477384274373485 11.260385124132032 66.277496587000257 5.0877753792520082 62.599340312079853 11.203031255945799
62.599340312079853 11.203031255945799 66.277496587000257 5.0877753792520082 62.719970983110002 11.143253348936335
62.719970983110002 11.143253348936335 66.277496587000257 5.0877753792520082 62.839227899437709 11.081083612896492
62.839227899437709 11.081083612896492 66.277496587000257 5.0877753792520082 62.957063513561934 11.016555223410208
53.722071851407293 -32.673036576740017 53.663620691318087 -32.946440007008746 66.712163831030622 -33.860183660252773
62.957063513561934 11.016555223410208 66.277496587000257 5.0877753792520082 63.073431137702059 10.949702298132545
63.073431137702059 10.949702298132545 66.277496587000257 5.0877753792520082 63.188284962273009 10.880559872693199
63.188284962273009 10.880559872693199 66.277496587000257 5.0877753792520082 63.301580073633367 10.809163876246599
63.301580073633367 10.809163876246599 66.277496587000257 5.0877753792520082 63.413272471099816 10.735551106691922
63.413272471099816 10.735551106691922 66.277496587000257 5.0877753792520082 63.523319083222781 10.659759205586422
63.523319083222781 10.659759205586422 66.277496587000257 5.0877753792520082 63.631677783317919 10.581826632775527
63.631677783317919 10.581826632775527 66.277496587000257 5.0877753792520082 63.738307404249959 10.501792640763211
63.738307404249959 10.501792640763211 66.277496587000257 5.0877753792520082 63.843167752465185 10.419697248846186
53.663620691318087 -32.946440007008746 53.599604667868228 -33.21854675647392 66.733643330203961 -34.460183660252738
63.843167752465185 10.419697248846186 66.277496587000257 5.0877753792520082 63.946219621270544 10.335581217035372
63.946219621270544 10.335581217035372 66.277496587000257 5.0877753792520082 64.047424803357316 10.249486019788222
64.047424803357316 10.249486019788222 66.277496587000257 5.0877753792520082 64.146746102568599 10.161453819575211
64.146746102568599 10.161453819575211 66.277496587000257 5.0877753792520082 64.244147344910488 10.071527440303859
64.244147344910488 10.071527440303859 66.277496587000257 5.0877753792520082 64.339593388807387 9.9797503406235357
64.339593388807387 9.9797503406235357 66.277496587000257 5.0877753792520082 64.433050134602979 9.8861665871340314
64.433050134602979 9.8861665871340314 66.277496587000257 5.0877753792520082 64.524484533308879 9.7908208275208839
64.524484533308879 9.7908208275208839 66.277496587000257 5.0877753792520082 64.61386459460374 9.6937582636401096
53.599604667868228 -33.21854675647392 53.530053496502994 -33.489241413100004 66.747666994759896 -34.860183660252716
64.61386459460374 9.6937582636401096 66.277496587000257 5.0877753792520082 64.70115939408646 9.5950246245748758
64.70115939408646 9.5950246245748758 66.277496587000257 5.0877753792520082 64.786339079787709 9.4946661396863554
64.786339079787709 9.4946661396863554 66.277496587000257 5.0877753792520082 64.869374877944907 9.3927295116807592
64.869374877944907 9.3927295116807592 66.277496587000257 5.0877753792520082 64.950239098045984 9.2892618897142434
64.950239098045984 9.2892618897142434 66.277496587000257 5.0877753792520082 65.028905137148698 9.184310842557144
65.028905137148698 9.184310842557144 66.277496587000257 5.0877753792520082 65.105347483482134 9.0779243318384975
65.105347483482134 9.0779243318384975 66.277496587000257 5.0877753792520082 65.179541719338445 8.9701506853916939
65.179541719338445 8.9701506853916939 66.277496587000257 5.0877753792520082 65.251464523262868 8.8610385707214743
53.530053496502994 -33.489241413100004 53.454999352826434 -33.758409281049488 66.761437069953942 -35.260183660252693
65.251464523262868 8.8610385707214743 66.277496587000257 5.0877753792520082 65.32109367155094 8.7506369686123016
65.32109367155094 8.7506369686123016 66.277496587000257 5.0877753792520082 65.388408039062753 8.6389951468976101
65.388408039062753 8.6389951468976101 66.277496587000257 5.0877753792520082 65.453387599364035 8.5261626344089745
65.453387599364035 8.5261626344089745 66.277496587000257 5.0877753792520082 65.516013424204914 8.4121891951239203
65.516013424204914 8.4121891951239203 66.277496587000257 5.0877753792520082 65.576267682347762 8.2971248025304583
65.576267682347762 8.2971248025304583 66.277496587000257 5.0877753792520082 65.634133637755468 8.1810196142260878
65.634133637755468 8.1810196142260878 66.277496587000257 5.0877753792520082 65.689595647153169 8.0639239467683925
65.689595647153169 8.0639239467683925 66.277496587000257 5.0877753792520082 65.742639156975358 7.9458882507938728
65.742639156975358 7.9458882507938728 66.277496587000257 5.0877753792520082 65.793250699712516 7.8269630864211823
65.793250699712516 7.8269630864211823 66.277496587000257 5.0877753792520082 65.841417889670254 7.7071990989542423
65.841417889670254 7.7071990989542423 66.277496587000257 5.0877753792520082 65.887129418155752 7.5866469949003026
53.454999352826434 -33.758409281049488 53.374476854126733 -34.025936435371065 66.774939456432278 -35.66018366025267
65.887129418155752 7.5866469949003026 66.277496587000257 5.0877753792520082 65.930375048105603 7.465357518317318
65.930375048105603 7.465357518317318 66.277496587000257 5.0877753792520082 65.971145608170261 7.3433814275044735
65.971145608170261 7.3433814275044735 66.277496587000257 5.0877753792520082 66.009432986270397 7.2207694720491116
66.009432986270397 7.2207694720491116 66.277496587000257 5.0877753792520082 66.045230122640859 7.0975723702426041
66.045230122640859 7.0975723702426041 66.277496587000257 5.0877753792520082 66.078531002378057 6.973840786877247
66.078531002378057 6.973840786877247 66.277496587000257 5.0877753792520082 66.109330647507349 6.8496253114354779
66.109330647507349 6.8496253114354779 66.277496587000257 5.0877753792520082 66.137625108586718 6.7249764366821347
66.137625108586718 6.7249764366821347 66.277496587000257 5.0877753792520082 66.163411455863724 6.5999445376698942
66.163411455863724 6.5999445376698942 66.277496587000257 5.0877753792520082 66.186687770002749 6.4745798511672419
66.186687770002749 6.4745798511672419 66.277496587000257 5.0877753792520082 66.207453132399678 6.3489324555178017
66.207453132399678 6.3489324555178017 66.277496587000257 5.0877753792520082 66.225707615101484 6.2230522509391202
66.225707615101484 6.2230522509391202 66.277496587000257 5.0877753792520082 66.241452270348361 6.096988940268333
66.241452270348361 6.096988940268333 66.277496587000257 5.0877753792520082 66.25468911975598 5.9707920101615528
66.25468911975598 5.9707920101615528 66.277496587000257 5.0877753792520082 66.265421143155663 5.8445107127530118
53.374476854126733 -34.025936435371065 53.2885230396111 -34.291709776171928 66.788160328930999 -36.060183660252648
66.265421143155663 5.8445107127530118 66.277496587000257 5.0877753792520082 66.27365226711045 5.718194047779499
66.27365226711045 5.718194047779499 66.277496587000257 5.0877753792520082 66.279387353124875 5.591890745174819
66.279387353124875 5.591890745174819 66.277496587000257 5.0877753792520082 66.282632185566484 5.46564924813838
66.282632185566484 5.46564924813838 66.277496587000257 5.0877753792520082 66.283393459316983 5.3395176966814182
66.283393459316983 5.3395176966814182 66.277496587000257 5.0877753792520082 66.281678767170973 5.2135439116535709
59.566139627407203 11.857335340592257 66.270969837909931 4.9398163397450219 66.277496587000257 5.0877753792520082
53.056824311103703 4.8761101961542863 66.263888087681565 4.7398163397450332 66.270969837909931 4.9398163397450219
53.2885230396111 -34.291709776171928 53.197177349366029 -34.555617082241483 66.801086150431857 -36.460183660252625
66.263888087681565 4.7398163397450332 53.060584984043075 4.6761101961542835 66.256866780813269 4.5398163397450446
66.256866780813269 4.5398163397450446 53.064458144826766 4.4761101961542806 66.249907714721274 4.339816339745056
66.249907714721274 4.339816339745056 53.068442801946759 4.2761101961542778 66.243012670888476 4.1398163397450674
66.243012670888476 4.1398163397450674 53.072537935352599 4.0761101961542749 66.236183414408458 3.9398163397450787
66.236183414408458 3.9398163397450787 53.076742496712491 3.8761101961542717 66.229421693533581 3.7398163397450901
66.229421693533581 3.7398163397450901 53.081055409681696 3.6761101961542688 66.222729239227434 3.5398163397451015
66.222729239227434 3.5398163397451015 53.085475570178048 3.476110196154266 66.216107764721798 3.3398163397451128
66.216107764721798 3.3398163397451128 53.090001846664599 3.2761101961542631 66.209558965077974 3.1398163397451242
66.209558965077974 3.1398163397451242 53.09463308043928 3.0761101961542603 66.203084516752924 2.9398163397451356
66.203084516752924 2.9398163397451356 53.099368085931552 2.8761101961542574 66.196686077170028 2.7398163397451469
66.196686077170028 2.7398163397451469 53.104205651005856 2.6761101961542546 66.190365284294899 2.5398163397451583
66.190365284294899 2.5398163397451583 53.109144537271952 2.4761101961542518 66.184123756215982 2.3398163397451697
66.184123756215982 2.3398163397451697 53.114183480401934 2.2761101961542489 66.177963090730387 2.139816339745181
66.177963090730387 2.139816339745181 53.119321190453881 2.0761101961542461 66.171884864934825 1.9398163397451924
66.171884864934825 1.9398163397451924 53.124556352202077 1.8761101961542432 66.165890634821906 1.7398163397452038
66.165890634821906 1.7398163397452038 53.1298876254737 1.6761101961542404 66.159981934881813 1.5398163397452151
66.159981934881813 1.5398163397452151 53.135313645491912 1.4761101961542376 66.154160277709451 1.3398163397452265
66.154160277709451 1.3398163397452265 53.140833023225227 1.2761101961542347 66.148427153617263 1.1398163397452379
66.148427153617263 1.1398163397452379 53.146444345743078 1.0761101961542319 66.142784030253722 0.93981633974524925
66.142784030253722 0.93981633974524925 53.152146176577553 0.87611019615422914 66.137232352227556 0.73981633974526062
66.137232352227556 0.73981633974526062 53.157937056091093 0.6761101961542263 66.131773540738052 0.53981633974527199
66.131773540738052 0.53981633974527199 53.163815501850166 0.4761101961542234 66.126408993211129 0.33981633974528336
66.126408993211129 0.33981633974528336 53.169780009004768 0.27611019615422056 66.121140082941665 0.13981633974529473
66.121140082941665 0.13981633974529473 53.175829050673642 0.076110196154217713 66.115968158741893 -0.060183660254693905
66.115968158741893 -0.060183660254693905 53.181961078335149 -0.12388980384578513 66.110894544596178 -0.26018366025468254
66.110894544596178 -0.26018366025468254 53.188174522223704 -0.32388980384578797 66.105920539322028 -0.46018366025467117
66.105920539322028 -0.46018366025467117 53.194467791731597 -0.52388980384579087 66.101047416237634 -0.6601836602546598
66.101047416237634 -0.6601836602546598 53.200839275816207 -0.72388980384579371 66.096276422835899 -0.86018366025464843
66.096276422835899 -0.86018366025464843 53.207287343412411 -0.92388980384579655 66.091608780465052 -1.0601836602546371
66.091608780465052 -1.0601836602546371 53.220406607276821 -1.3238898038458022 66.087045684016076 -1.2601836602546257
66.087045684016076 -1.2601836602546257 53.22707444508513 -1.5238898038458051 66.08258830161671 -1.4601836602546143
66.08258830161671 -1.4601836602546143 53.233812150344974 -1.7238898038458079 66.07823777433255 -1.660183660254603
66.07823777433255 -1.660183660254603 53.240617998240602 -1.9238898038458108 66.073995215874774 -1.8601836602545916
66.073995215874774 -1.8601836602545916 53.247490246512115 -2.1238898038458136 66.069861712315216 -2.0601836602545802
66.069861712315216 -2.0601836602545802 53.254427135901494 -2.3238898038458164 66.065838321808187 -2.2601836602545688
66.065838321808187 -2.2601836602545688 53.261426890602941 -2.5238898038458193 66.0619260743197 -2.4601836602545575
66.0619260743197 -2.4601836602545575 53.268487718717481 -2.7238898038458221 66.058125971363737 -2.6601836602545461
66.058125971363737 -2.6601836602545461 53.275607812711669 -2.923889803845825 66.054438985745904 -2.8601836602545347
66.054438985745904 -2.8601836602545347 53.282785349880335 -3.1238898038458278 66.050866061314395 -3.0601836602545234
66.050866061314395 -3.0601836602545234 53.290018492813161 -3.3238898038458307 66.04740811271833 -3.260183660254512
66.04740811271833 -3.260183660254512 53.297305389865052 -3.5238898038458335 66.044066025173677 -3.4601836602545006
66.044066025173677 -3.4601836602545006 53.304644175630166 -3.7238898038458363 66.04084065423659 -3.6601836602544893
66.04084065423659 -3.6601836602544893 53.312032971419427 -3.9238898038458392 66.037732825584413 -3.8601836602544779
66.037732825584413 -3.8601836602544779 53.319469885741462 -4.1238898038458416 66.034743334804318 -4.0601836602544665
66.034743334804318 -4.0601836602544665 53.326953014786824 -4.3238898038458444 66.031872947189612 -4.2601836602544552
66.031872947189612 -4.2601836602544552 53.334480442915336 -4.5238898038458473 66.029122397543858 -4.4601836602544438
66.029122397543858 -4.4601836602544438 53.342050243146517 -4.7238898038458501 66.026492389992725 -4.6601836602544324
66.026492389992725 -4.6601836602544324 53.34966047765284 -4.923889803845853 66.023983597803792 -4.8601836602544211
66.023983597803792 -4.8601836602544211 53.357309198255834 -5.1238898038458558 66.021596663214169 -5.0601836602544097
66.021596663214169 -5.0601836602544097 53.364994446924804 -5.3238898038458586 66.019332197266053 -5.2601836602543983
66.019332197266053 -5.2601836602543983 53.372714256278059 -5.5238898038458615 66.017190779650377 -5.460183660254387
66.017190779650377 -5.460183660254387 53.380466650086554 -5.7238898038458643 66.015172958558367 -5.6601836602543756
66.015172958558367 -5.6601836602543756 53.38824964377983 -5.9238898038458672 66.01327925054116 -5.8601836602543642
66.01327925054116 -5.8601836602543642 53.396061244953991 -6.12388980384587 66.011510140377709 -6.0601836602543528
66.011510140377709 -6.0601836602543528 53.403899453881806 -6.3238898038458728 66.00986608095053 -6.2601836602543415
66.00986608095053 -6.2601836602543415 53.411762264024595 -6.5238898038458757 66.008347493129875 -6.4601836602543301
66.008347493129875 -6.4601836602543301 53.419647662545906 -6.7238898038458785 66.006954765665924 -6.6601836602543187
66.006954765665924 -6.6601836602543187 53.427553630826779 -6.9238898038458814 66.005688255089296 -6.8601836602543074
66.005688255089296 -6.8601836602543074 53.435478144982504 -7.1238898038458842 66.004548285619776 -7.060183660254296
66.004548285619776 -7.060183660254296 53.443419176380743 -7.3238898038458871 66.003535149083348 -7.2601836602542846
66.003535149083348 -7.2601836602542846 53.451374692160826 -7.5238898038458899 66.002649104837417 -7.4601836602542733
66.002649104837417 -7.4601836602542733 53.459342655754156 -7.7238898038458927 66.001890379704463 -7.6601836602542619
66.001890379704463 -7.6601836602542619 53.467321027405575 -7.9238898038458956 66.001259167914 -7.8601836602542505
66.001259167914 -7.8601836602542505 53.475307764695508 -8.1238898038458984 66.000755631052769 -8.0601836602542392
66.000755631052769 -8.0601836602542392 53.483300823062827 -8.3238898038459013 66.000379898023482 -8.2601836602542278
66.000379898023482 -8.2601836602542278 53.491298156328241 -8.5238898038459041 66.000132065011726 -8.4601836602542164
69.637425056843966 -2.1741838358702372 70.948909503230581 -1.9016487324752356 70.657543007340834 -1.3339764643848202
66.000132065011726 -8.4601836602542164 53.507297457888541 -8.9238898038459098 66.000012195461409 -8.6601836602542051
66.000012195461409 -8.6601836602542051 53.507297457888541 -8.9238898038459098 66.000020320058468 -8.8601836602541937
66.000020320058468 -8.8601836602541937 53.515295330449604 -9.1238898038459126 66.000156436723074 -9.0601836602541823
66.000156436723074 -9.0601836602541823 53.523289287489604 -9.3238898038459155 66.000420510610084 -9.2601836602541709
66.000420510610084 -9.2601836602541709 53.531277282599198 -9.5238898038459183 66.000812474118035 -9.4601836602541596
66.000812474118035 -9.4601836602541596 53.547227209544367 -9.923889803845924 66.001332226906399 -9.6601836602541482
66.001332226906399 -9.6601836602541482 53.555185058285751 -10.123889803845927 66.001979635921302 -9.8601836602541368
66.001979635921302 -9.8601836602541368 53.563128779953601 -10.32388980384593 66.002754535429588 -10.060183660254125
66.002754535429588 -10.060183660254125 53.571056340998538 -10.523889803845933 66.003656727061198 -10.260183660254114
66.003656727061198 -10.260183660254114 53.578965712008248 -10.723889803845935 66.004685979860014 -10.460183660254103
66.004685979860014 -10.460183660254103 53.586854868226929 -10.923889803845938 66.005842030342919 -10.660183660254091
66.005842030342919 -10.660183660254091 53.594721790073692 -11.123889803845941 66.007124582567329 -10.86018366025408
66.007124582567329 -10.86018366025408 53.60256446365949 -11.323889803845944 66.008533308206864 -11.060183660254069
66.008533308206864 -11.060183660254069 53.610380881302731 -11.523889803845947 66.010067846635465 -11.260183660254057
66.010067846635465 -11.260183660254057 53.618169042043178 -11.72388980384595 66.01172780501966 -11.460183660254046
66.01172780501966 -11.460183660254046 53.625926952154224 -11.923889803845952 66.013512758419182 -11.660183660254035
66.013512758419182 -11.660183660254035 53.633652625653234 -12.123889803845955 66.015422249895693 -11.860183660254023
66.015422249895693 -11.860183660254023 53.641344084809994 -12.323889803845958 66.017455790629825 -12.060183660254012
66.017455790629825 -12.060183660254012 53.648999360652965 -12.523889803845961 66.019612860046237 -12.260183660254
66.019612860046237 -12.260183660254 53.656616493473329 -12.723889803845964 66.021892905946942 -12.460183660253989
66.021892905946942 -12.460183660253989 53.664193533326703 -12.923889803845967 66.024295344652643 -12.660183660253978
66.024295344652643 -12.660183660253978 53.671728540532243 -13.123889803845969 66.026819561152166 -12.860183660253966
66.026819561152166 -12.860183660253966 53.679219586169275 -13.323889803845972 66.029464909259843 -13.060183660253955
66.029464909259843 -13.060183660253955 53.686664752571012 -13.523889803845975 66.03223071178104 -13.260183660253944
66.03223071178104 -13.260183660253944 53.694062133815521 -13.723889803845978 66.035116260685385 -13.460183660253932
66.035116260685385 -13.460183660253932 53.7014098362136 -13.923889803845981 66.038120817288132 -13.660183660253921
66.038120817288132 -13.660183660253921 53.708705978793567 -14.123889803845984 66.041243612439203 -13.860183660253909
66.041243612439203 -13.860183660253909 53.715948693782771 -14.323889803845987 66.044483846720098 -14.060183660253898
66.044483846720098 -14.060183660253898 53.723136127085716 -14.523889803845989 66.047840690648513 -14.260183660253887
66.047840690648513 -14.260183660253887 53.73026643875874 -14.723889803845992 66.051313284890753 -14.460183660253875
66.051313284890753 -14.460183660253875 53.737337803480997 -14.923889803845995 66.054900740481656 -14.660183660253864
66.054900740481656 -14.660183660253864 53.744348411021733 -15.123889803845998 66.058602139052184 -14.860183660253853
66.058602139052184 -14.860183660253853 53.7512964667037 -15.323889803846001 66.062416533064521 -15.060183660253841
66.062416533064521 -15.060183660253841 53.758180191862593 -15.523889803846004 66.066342946054618 -15.26018366025383
66.066342946054618 -15.26018366025383 53.764997824302363 -15.723889803846006 66.070380372882198 -15.460183660253819
66.070380372882198 -15.460183660253819 53.771747618746346 -15.923889803846009 66.074527779988045 -15.660183660253807
66.074527779988045 -15.660183660253807 53.778427847284021 -16.123889803846012 66.078784105658585 -15.860183660253796
66.078784105658585 -15.860183660253796 53.785036799813362 -16.323889803846015 66.083148260297705 -16.060183660253784
66.083148260297705 -16.060183660253784 53.791572784478618 -16.523889803846018 66.087619126705633 -16.260183660253773
66.087619126705633 -16.260183660253773 53.798034128103417 -16.723889803846021 66.092195560364999 -16.460183660253762
66.092195560364999 -16.460183660253762 53.804419176619064 -16.923889803846023 66.096876389733765 -16.66018366025375
66.096876389733765 -16.66018366025375 53.810726295488024 -17.123889803846026 66.101660416545201 -16.860183660253739
66.101660416545201 -16.860183660253739 53.816953870122298 -17.323889803846029 66.10654641611454 -17.060183660253728
66.10654641611454 -17.060183660253728 53.823100306296801 -17.523889803846032 66.1115331376526 -17.260183660253716
66.1115331376526 -17.260183660253716 53.829164030557429 -17.723889803846035 66.116619304585896 -17.460183660253705
66.116619304585896 -17.460183660253705 53.835143490623899 -17.923889803846038 66.121803614883461 -17.660183660253693
66.121803614883461 -17.660183660253693 53.841037155787085 -18.123889803846041 66.127084741390178 -17.860183660253682
66.127084741390178 -17.860183660253682 53.84684351730089 -18.323889803846043 66.1324613321665 -18.060183660253671
66.1324613321665 -18.060183660253671 53.852561088768475 -18.523889803846046 66.137932010834547 -18.260183660253659
66.137932010834547 -18.260183660253659 53.858188406522771 -18.723889803846049 66.143495376930474 -18.460183660253648
66.143495376930474 -18.460183660253648 53.863724030001173 -18.923889803846052 66.149150006262929 -18.660183660253637
66.149150006262929 -18.660183660253637 53.869166542114293 -19.123889803846055 66.154894451277684 -18.860183660253625
66.154894451277684 -18.860183660253625 53.874514549608755 -19.323889803846058 66.160727241428191 -19.060183660253614
66.160727241428191 -19.060183660253614 53.879766683423853 -19.52388980384606 66.166646883552033 -19.260183660253603
66.166646883552033 -19.260183660253603 53.884921599042002 -19.723889803846063 66.172651862253147 -19.460183660253591
66.172651862253147 -19.460183660253591 53.889977976832967 -19.923889803846066 66.178740640289789 -19.66018366025358
66.178740640289789 -19.66018366025358 53.894934522391644 -20.123889803846069 66.184911658968019 -19.860183660253568
66.184911658968019 -19.860183660253568 53.899789966869442 -20.323889803846072 66.191163338540761 -20.060183660253557
66.191163338540761 -20.060183660253557 53.904543067299088 -20.523889803846075 66.197494078612195 -20.260183660253546
66.197494078612195 -20.260183660253546 53.909192606912832 -20.723889803846077 66.20390225854743 -20.460183660253534
66.20390225854743 -20.460183660253534 53.913737395453921 -20.92388980384608 66.210386237887406 -20.660183660253523
66.210386237887406 -20.660183660253523 53.918176269481314 -21.123889803846083 66.216944356768821 -20.860183660253512
66.216944356768821 -20.860183660253512 53.922508092667499 -21.323889803846086 66.223574936349053 -21.0601836602535
66.223574936349053 -21.0601836602535 53.926731756089403 -21.523889803846089 66.230276279235952 -21.260183660253489
66.230276279235952 -21.260183660253489 53.930846178512247 -21.723889803846092 66.237046669922321 -21.460183660253477
66.237046669922321 -21.460183660253477 53.93485030666637 -21.923889803846095 66.243884375225122 -21.660183660253466
66.243884375225122 -21.660183660253466 53.938743115516829 -22.123889803846097 66.250787644729144 -21.860183660253455
66.250787644729144 -21.860183660253455 53.942523608525818 -22.3238898038461 66.257754711235094 -22.060183660253443
66.257754711235094 -22.060183660253443 53.94619081790777 -22.523889803846103 66.264783791212011 -22.260183660253432
66.264783791212011 -22.260183660253432 53.949743804877116 -22.723889803846106 66.271873085253787 -22.460183660253421
66.271873085253787 -22.460183660253421 53.953181659888585 -22.923889803846109 66.279020778539859 -22.660183660253409
66.279020778539859 -22.660183660253409 53.956503502870092 -23.123889803846112 66.286225041299815 -22.860183660253398
66.286225041299815 -22.860183660253398 53.959708483447947 -23.323889803846114 66.2934840292817 -23.060183660253387
66.2934840292817 -23.060183660253387 53.962795781164651 -23.523889803846117 66.300795884224243 -23.260183660253375
66.300795884224243 -23.260183660253375 53.965764605688832 -23.72388980384612 66.308158734332522 -23.460183660253364
66.308158734332522 -23.460183660253364 53.968614197017629 -23.923889803846123 66.315570694757099 -23.660183660253352
66.315570694757099 -23.660183660253352 53.971343825671227 -24.123889803846126 66.323029868076617 -23.860183660253341
66.323029868076617 -23.860183660253341 53.973952792879601 -24.323889803846129 66.330534344783402 -24.06018366025333
66.330534344783402 -24.06018366025333 53.976440430761386 -24.523889803846131 66.33808220377243 -24.260183660253318
66.33808220377243 -24.260183660253318 53.978806102494872 -24.723889803846134 66.345671512833022 -24.460183660253307
66.345671512833022 -24.460183660253307 53.981049202481017 -24.923889803846137 66.35330032914348 -24.660183660253296
66.35330032914348 -24.660183660253296 53.983169156498477 -25.12388980384614 66.360966699768525 -24.860183660253284
66.360966699768525 -24.860183660253284 53.985165421850596 -25.323889803846143 66.368668662159124 -25.060183660253273
66.368668662159124 -25.060183660253273 53.987037487504352 -25.523889803846146 66.376404244654964 -25.260183660253261
66.376404244654964 -25.260183660253261 53.98878487422116 -25.723889803846149 66.384171466989187 -25.46018366025325
66.384171466989187 -25.46018366025325 53.990407134679558 -25.923889803846151 66.391968340795287 -25.660183660253239
66.391968340795287 -25.660183660253239 53.991903853589733 -26.123889803846154 66.399792870116144 -25.860183660253227
66.399792870116144 -25.860183660253227 53.993274647799815 -26.323889803846157 66.407643051915002 -26.060183660253216
66.407643051915002 -26.060183660253216 53.994519166393978 -26.52388980384616 66.415516876588171 -26.260183660253205
66.415516876588171 -26.260183660253205 53.995637090782253 -26.723889803846163 66.423412328479557 -26.460183660253193
66.423412328479557 -26.460183660253193 53.996628134782107 -26.923889803846166 66.431327386396589 -26.660183660253182
66.431327386396589 -26.660183660253182 53.997492044691683 -27.123889803846168 66.439260024127648 -26.860183660253171
66.439260024127648 -26.860183660253171 53.998228599354761 -27.323889803846171 66.447208210960824 -27.060183660253159
66.447208210960824 -27.060183660253159 53.998837610217379 -27.523889803846174 66.455169912203672 -27.260183660253148
66.455169912203672 -27.260183660253148 53.998837610217379 -27.523889803846174 66.463143089704175 -27.460183660253136
66.463143089704175 -27.460183660253136 53.999318921376073 -27.723889803846177 66.471125702372419 -27.660183660253125
66.471125702372419 -27.660183660253125 53.999672409617823 -27.92388980384618 66.479115706703183 -27.860183660253114
66.479115706703183 -27.860183660253114 53.999897984451557 -28.123889803846183 66.487111057298961 -28.060183660253102
66.487111057298961 -28.060183660253102 53.99996519567123 -28.523889803846188 66.51110871531651 -28.660183660253068
66.51110871531651 -28.660183660253068 53.999520486216667 -28.923889803846194 66.519104977485952 -28.860183660253057
66.519104977485952 -28.860183660253057 53.99910628306543 -29.123889803846197 66.527096348885507 -29.060183660253045
66.527096348885507 -29.060183660253045 53.998564311431494 -29.3238898038462 66.535080783767725 -29.260183660253034
66.535080783767725 -29.260183660253034 53.997894710056627 -29.523889803846203 66.543056238160887 -29.460183660253023
66.543056238160887 -29.460183660253023 53.997097650355144 -29.723889803846205 66.551020670392219 -29.660183660253011
66.551020670392219 -29.660183660253011 53.996173336369949 -29.923889803846208 66.558972041610573 -29.860183660253
66.558972041610573 -29.860183660253 53.994047984967061 -30.173380856637607 66.566908316308329 -30.060183660252989
66.566908316308329 -30.060183660252989 53.994047984967061 -30.173380856637607 66.574827462842521 -30.260183660252977
66.574827462842521 -30.260183660252977 53.986604420396979 -30.453170332819234 66.582727453954888 -30.460183660252966
66.582727453954888 -30.460183660252966 53.986604420396979 -30.453170332819234 66.590606267290823 -30.660183660252954
66.590606267290823 -30.660183660252954 53.973441652985045 -30.732724830160844 66.598461885917175 -30.860183660252943
66.598461885917175 -30.860183660252943 53.973441652985045 -30.732724830160844 66.606292298838454 -31.060183660252932
66.606292298838454 -31.060183660252932 53.954566644790219 -31.011925020100502 66.614095501511727 -31.26018366025292
66.614095501511727 -31.26018366025292 53.954566644790219 -31.011925020100502 66.621869496359707 -31.460183660252909
66.621869496359707 -31.460183660252909 53.929988924135124 -31.290651780500248 66.629612293282207 -31.660183660252898
66.629612293282207 -31.660183660252898 53.929988924135124 -31.290651780500248 66.637321910165454 -31.860183660252886
66.637321910165454 -31.860183660252886 53.89972057928852 -31.568786253430197 66.64499637338966 -32.060183660252875
66.64499637338966 -32.060183660252875 53.89972057928852 -31.568786253430197 66.652633718334158 -32.260183660252864
66.652633718334158 -32.260183660252864 53.863776250760345 -31.846209902750061 66.66023198988033 -32.460183660252852
66.66023198988033 -32.460183660252852 53.863776250760345 -31.846209902750061 66.667789242912164 -32.660183660252841
66.667789242912164 -32.660183660252841 53.822173122216199 -32.122804571452271 66.675303542814149 -32.860183660252829
66.675303542814149 -32.860183660252829 53.822173122216199 -32.122804571452271 66.682772965966564 -33.060183660252818
66.682772965966564 -33.060183660252818 53.774930910019087 -32.39845253873078 66.690195600237871 -33.260183660252807
66.690195600237871 -33.260183660252807 53.774930910019087 -32.39845253873078 66.697569545474224 -33.460183660252795
66.697569545474224 -33.460183660252795 53.722071851407293 -32.673036576740017 66.70489291398593 -33.660183660252784
66.70489291398593 -33.660183660252784 53.722071851407293 -32.673036576740017 66.712163831030622 -33.860183660252773
66.712163831030622 -33.860183660252773 53.663620691318087 -32.946440007008746 66.71938043529326 -34.060183660252761
66.71938043529326 -34.060183660252761 53.663620691318087 -32.946440007008746 66.726540879362574 -34.26018366025275
66.726540879362574 -34.26018366025275 53.663620691318087 -32.946440007008746 66.733643330203961 -34.460183660252738
66.733643330203961 -34.460183660252738 53.599604667868228 -33.21854675647392 66.740685969628814 -34.660183660252727
66.740685969628814 -34.660183660252727 53.599604667868228 -33.21854675647392 66.747666994759896 -34.860183660252716
66.747666994759896 -34.860183660252716 53.530053496502994 -33.489241413100004 66.754584618492913 -35.060183660252704
66.754584618492913 -35.060183660252704 53.530053496502994 -33.489241413100004 66.761437069953942 -35.260183660252693
66.761437069953942 -35.260183660252693 53.454999352826434 -33.758409281049488 66.768222594952846 -35.460183660252682
66.768222594952846 -35.460183660252682 53.454999352826434 -33.758409281049488 66.774939456432278 -35.66018366025267
66.774939456432278 -35.66018366025267 53.374476854126733 -34.025936435371065 66.7815859349124 -35.860183660252659
66.7815859349124 -35.860183660252659 53.374476854126733 -34.025936435371065 66.788160328930999 -36.060183660252648
66.788160328930999 -36.060183660252648 53.2885230396111 -34.291709776171928 66.794660955479117 -36.260183660252636
66.794660955479117 -36.260183660252636 53.2885230396111 -34.291709776171928 66.801086150431857 -36.460183660252625
66.801086150431857 -36.460183660252625 53.197177349366029 -34.555617082241483 66.807434268974419 -36.660183660252613
66.807434268974419 -36.660183660252613 53.197177349366029 -34.555617082241483 66.813703686023089 -36.860183660252602
66.813703686023089 -36.860183660252602 53.100481602059176 -34.817547064094157 66.819892796641383 -37.060183660252591
66.819892796641383 -37.060183660252591 53.100481602059176 -34.817547064094157 66.826000016450749 -37.260183660252579
66.826000016450749 -37.260183660252579 52.998479971400329 -35.077389416399512 66.832023782036288 -37.460183660252568
66.832023782036288 -37.460183660252568 52.998479971400329 -35.077389416399512 66.837962551346905 -37.660183660252557
66.837962551346905 -37.660183660252557 52.998479971400329 -35.077389416399512 66.843814804090087 -37.860183660252545
66.843814804090087 -37.860183660252545 52.891218961379735 -35.335034869768378 66.849579042121093 -38.060183660252534
66.849579042121093 -38.060183660252534 52.891218961379735 -35.335034869768378 66.855253789826463 -38.260183660252522
66.855253789826463 -38.260183660252522 52.778747380302839 -35.590375241864379 66.860837594501788 -38.460183660252511
73.941669091061115 -39.1815572556172 74.139975400216116 -38.513804937397197 73.947358192015116 -37.938594807127203
66.860837594501788 -38.460183660252511 52.778747380302839 -35.590375241864379 66.866329026723548 -38.6601836602525
66.866329026723548 -38.6601836602525 52.661116313641351 -35.843303487810829 66.871726680715099 -38.860183660252488
66.871726680715099 -38.860183660252488 52.661116313641351 -35.843303487810829 66.877029174706493 -39.060183660252477
66.877029174706493 -39.060183660252477 52.538379095721425 -36.093713749863525 66.882235151288228 -39.260183660252466
66.882235151288228 -39.260183660252466 52.538379095721425 -36.093713749863525 66.887343277758731 -39.460183660252454
66.887343277758731 -39.460183660252454 52.410591280270452 -36.34150140632071 66.892352246465521 -39.660183660252443
66.892352246465521 -39.660183660252443 52.410591280270452 -36.34150140632071 66.897260775139955 -39.860183660252432
66.897260775139955 -39.860183660252432 52.410591280270452 -36.34150140632071 66.902067607225518 -40.06018366025242
66.902067607225518 -40.06018366025242 52.277810609844799 -36.586563119642157 66.906771512199441 -40.260183660252409
66.906771512199441 -40.260183660252409 52.277810609844799 -36.586563119642157 66.911371285887725 -40.460183660252397
66.911371285887725 -40.460183660252397 52.140096984161453 -36.828796883749966 66.915865750773435 -40.660183660252386
66.915865750773435 -40.660183660252386 52.140096984161453 -36.828796883749966 66.920253756298123 -40.860183660252375
66.920253756298123 -40.860183660252375 51.997512427357556 -37.068102070484294 66.924534179156325 -41.060183660252363
51.997512427357556 -37.068102070484294 66.928705923583152 -41.260183660252352 66.924534179156325 -41.060183660252363
51.850121054201999 -37.304379475188334 66.932767921634834 -41.460183660252341 66.928705923583152 -41.260183660252352
49.460147239007675 -11.879804130232362 46.413065459539801 -11.432008837030956 46.791113582138422 -12.89791535456556
47.516187131811208 -13.718276118858466 49.460147239007675 -11.879804130232362 46.791113582138422 -12.89791535456556
49.460147239007675 -11.879804130232362 47.516187131811208 -13.718276118858466 48.300892886411852 -14.001825864782287
29.034395945275719 -8.2414529622102553 27.189210694722146 -7.5033946533307034 28.250064435970966 -9.6823248636564205
27.189210694722146 -7.5033946533307034 29.034395945275719 -8.2414529622102553 28.889331215269753 -7.1877427661386797
28.250064435970966 -9.6823248636564205 28.648699069940136 -9.5980413762876253 29.034395945275719 -8.2414529622102553
27.122242225342056 -14.714828622660768 27.690564976190391 -15.328798444093911 28.847848426964596 -14.135805191783009
14.138193989486121 -0.76592095791921755 15.936107906090015 -2.0530336403817815 14.984425092408854 -0.068198423300861011
13.539255746218569 -0.046764217856985701 14.138193989486121 -0.76592095791921755 14.619494733089745 -0.016354895726132468
14.138193989486121 -0.76592095791921755 14.984425092408854 -0.068198423300861011 14.619494733089745 -0.016354895726132468
52.220752007770976 -3.4982970628482004 51.609922779844872 -4.3953563927101156 52.68664923793888 -3.9610932401975241
51.664561898988261 -5.5488447371146048 52.68664923793888 -3.9610932401975241 51.609922779844872 -4.3953563927101156
57.525826293727789 14.820267420192959 59.940083133765114 15.675958945060799 60.111945682464984 17.645675132228128
60.111945682464984 17.645675132228128 59.940083133765114 15.675958945060799 60.510151848482785 16.90161831854498
59.940083133765114 15.675958945060799 59.666730451706734 14.957849634625656 60.387119348893592 15.570151794063872
59.626292770190112 15.001303257956799 59.666730451706734 14.957849634625656 59.940083133765114 15.675958945060799
57.525826293727789 14.820267420192959 59.626292770190112 15.001303257956799 59.940083133765114 15.675958945060799
57.525826293727789 14.820267420192959 59.566564149408308 14.872885504031956 59.626292770190112 15.001303257956799
25.357647853311089 -4.7867538833366048 24.222175284098309 -4.4339099321403657 24.396092096448324 -5.132630141175297
26.463412245584713 1.2885838770352804 46.86140035221031 9.1740726880694492 46.945952009881537 9.4365197892860717
24.222175284098309 -4.4339099321403657 25.357647853311089 -4.7867538833366048 25.689238478583928 -4.2160098460493334
40.355081789989953 -37.249435121626469 40.565793177356099 -38.354370355006779 41.69432830065859 -37.262491835066868
33.050874132536315 -13.292036732051045 46.410374621869956 -13.323889803845972 46.406442318167976 -12.923889803845967
71.039021103896758 -23.296720032018751 70.800380138739015 -23.753939164691971 71.479793353568098 -25.148218325547909
71.039021103896758 -23.296720032018751 70.582556129998224 -23.262168204674275 70.800380138739015 -23.753939164691971
69.703826144433805 0.20094868567155544 68.214403784647544 -2.0885127401586305 69.637425056843966 -2.1741838358702372
70.657543007340834 -1.3339764643848202 69.703826144433805 0.20094868567155544 69.637425056843966 -2.1741838358702372
74.139975400216116 -38.513804937397197 74.097557062317122 -39.110538546373199 74.307736027709623 -39.014786201197424
74.139975400216116 -38.513804937397197 73.941669091061115 -39.1815572556172 74.097557062317122 -39.110538546373199
7.5088283493453263 0.94637641713110687 6.9158745286068166 2.7958037114906684 7.0841026843231063 1.0973490334226774
74.097557062317122 -39.110538546373199 73.941300840287752 -39.260183660252466 73.940357069289504 -39.460183660252454
74.097557062317122 -39.110538546373199 73.941669091061115 -39.1815572556172 73.941300840287752 -39.260183660252466
73.941669091061115 -39.1815572556172 73.947358192015116 -37.938594807127203 72.512889753535092 -39.832473830698092
72.928713756208083 -36.199736599871073 72.512889753535092 -39.832473830698092 73.374077710631241 -36.639689466092214
73.374077710631241 -36.639689466092214 72.512889753535092 -39.832473830698092 73.620112172585692 -36.961344502110968
73.620112172585692 -36.961344502110968 72.512889753535092 -39.832473830698092 73.947358192015116 -37.938594807127203
73.947358192015116 -37.938594807127203 74.139975400216116 -38.513804937397197 73.947708703409646 -37.860183660252545
74.139975400216116 -38.513804937397197 73.948595574686507 -37.660183660252557 73.947708703409646 -37.860183660252545
74.139975400216116 -38.513804937397197 73.949475268443749 -37.460183660252568 73.948595574686507 -37.660183660252557
74.139975400216116 -38.513804937397197 73.950347770606285 -37.260183660252579 73.949475268443749 -37.460183660252568
74.139975400216116 -38.513804937397197 73.951213067214098 -37.060183660252591 73.950347770606285 -37.260183660252579
73.930534392762226 -41.460183660252341 74.097557062317122 -39.110538546373199 73.931547922763926 -41.260183660252352
73.931547922763926 -41.260183660252352 74.097557062317122 -39.110538546373199 73.932554548008085 -41.060183660252363
73.932554548008085 -41.060183660252363 74.097557062317122 -39.110538546373199 73.933554252388689 -40.860183660252375
73.933554252388689 -40.860183660252375 74.097557062317122 -39.110538546373199 73.934547019910511 -40.660183660252386
73.934547019910511 -40.660183660252386 74.097557062317122 -39.110538546373199 73.935532834689283 -40.460183660252397
73.935532834689283 -40.460183660252397 74.097557062317122 -39.110538546373199 73.936511680951995 -40.260183660252409
73.936511680951995 -40.260183660252409 74.097557062317122 -39.110538546373199 73.937483543037118 -40.06018366025242
73.937483543037118 -40.06018366025242 74.097557062317122 -39.110538546373199 73.938448405394894 -39.860183660252432
73.938448405394894 -39.860183660252432 74.097557062317122 -39.110538546373199 73.939406252587531 -39.660183660252443
73.939406252587531 -39.660183660252443 74.097557062317122 -39.110538546373199 73.940357069289504 -39.460183660252454
73.990675481755304 -24.460183660253307 73.990287108236132 -24.660183660253296 78.930534392762226 28.878924202899327
73.991056004477244 -24.260183660253318 73.990675481755304 -24.460183660253307 78.930534392762226 28.878924202899327
73.991428670313582 -24.06018366025333 73.991056004477244 -24.260183660253318 78.930534392762226 28.878924202899327
73.991793473301669 -23.860183660253341 73.991428670313582 -24.06018366025333 78.930534392762226 28.878924202899327
73.992150407604683 -23.660183660253352 73.991793473301669 -23.860183660253341 78.930534392762226 28.878924202899327
73.992499467511678 -23.460183660253364 73.992150407604683 -23.660183660253352 78.930534392762226 28.878924202899327
73.992840647437689 -23.260183660253375 73.992499467511678 -23.460183660253364 78.930534392762226 28.878924202899327
73.993173941923871 -23.060183660253387 73.992840647437689 -23.260183660253375 78.930534392762226 28.878924202899327
73.993499345637488 -22.860183660253398 73.993173941923871 -23.060183660253387 78.930534392762226 28.878924202899327
73.99381685337211 -22.660183660253409 73.993499345637488 -22.860183660253398 78.930534392762226 28.878924202899327
73.99412646004761 -22.460183660253421 73.99381685337211 -22.660183660253409 78.930534392762226 28.878924202899327
73.994428160710299 -22.260183660253432 73.99412646004761 -22.460183660253421 78.930534392762226 28.878924202899327
73.994721950532949 -22.060183660253443 73.994428160710299 -22.260183660253432 78.930534392762226 28.878924202899327
73.995007824814962 -21.860183660253455 73.994721950532949 -22.060183660253443 78.930534392762226 28.878924202899327
73.995285778982321 -21.660183660253466 73.995007824814962 -21.860183660253455 78.930534392762226 28.878924202899327
73.995555808587795 -21.460183660253477 73.995285778982321 -21.660183660253466 78.930534392762226 28.878924202899327
73.995817909310901 -21.260183660253489 73.995555808587795 -21.460183660253477 78.930534392762226 28.878924202899327
73.996072076958029 -21.0601836602535 73.995817909310901 -21.260183660253489 78.930534392762226 28.878924202899327
73.996318307462516 -20.860183660253512 73.996072076958029 -21.0601836602535 78.930534392762226 28.878924202899327
73.996556596884659 -20.660183660253523 73.996318307462516 -20.860183660253512 78.930534392762226 28.878924202899327
73.996786941411855 -20.460183660253534 73.996556596884659 -20.660183660253523 78.930534392762226 28.878924202899327
73.997009337358591 -20.260183660253546 73.996786941411855 -20.460183660253534 78.930534392762226 28.878924202899327
73.997223781166525 -20.060183660253557 73.997009337358591 -20.260183660253546 78.930534392762226 28.878924202899327
73.997430269404575 -19.860183660253568 73.997223781166525 -20.060183660253557 78.930534392762226 28.878924202899327
73.997628798768915 -19.66018366025358 73.997430269404575 -19.860183660253568 78.930534392762226 28.878924202899327
73.997819366083107 -19.460183660253591 73.997628798768915 -19.66018366025358 78.930534392762226 28.878924202899327
73.998001968298041 -19.260183660253603 73.997819366083107 -19.460183660253591 78.930534392762226 28.878924202899327
73.998176602492123 -19.060183660253614 73.998001968298041 -19.260183660253603 78.930534392762226 28.878924202899327
73.998343265871185 -18.860183660253625 73.998176602492123 -19.060183660253614 78.930534392762226 28.878924202899327
73.998501955768631 -18.660183660253637 73.998343265871185 -18.860183660253625 78.930534392762226 28.878924202899327
73.998652669645409 -18.460183660253648 73.998501955768631 -18.660183660253637 78.930534392762226 28.878924202899327
73.998795405090121 -18.260183660253659 73.998652669645409 -18.460183660253648 78.930534392762226 28.878924202899327
73.998930159818983 -18.060183660253671 73.998795405090121 -18.260183660253659 78.930534392762226 28.878924202899327
73.999056931675938 -17.860183660253682 73.998930159818983 -18.060183660253671 78.930534392762226 28.878924202899327
73.999175718632642 -17.660183660253693 73.999056931675938 -17.860183660253682 78.930534392762226 28.878924202899327
73.99928651878848 -17.460183660253705 73.999175718632642 -17.660183660253693 78.930534392762226 28.878924202899327
73.999389330370676 -17.260183660253716 73.99928651878848 -17.460183660253705 78.930534392762226 28.878924202899327
73.999484151734237 -17.060183660253728 73.999389330370676 -17.260183660253716 78.930534392762226 28.878924202899327
73.999570981362027 -16.860183660253739 73.999484151734237 -17.060183660253728 78.930534392762226 28.878924202899327
73.999649817864778 -16.66018366025375 73.999570981362027 -16.860183660253739 78.930534392762226 28.878924202899327
73.999720659981094 -16.460183660253762 73.999649817864778 -16.66018366025375 78.930534392762226 28.878924202899327
73.999783506577515 -16.260183660253773 73.999720659981094 -16.460183660253762 78.930534392762226 28.878924202899327
73.999838356648496 -16.060183660253784 73.999783506577515 -16.260183660253773 78.930534392762226 28.878924202899327
73.999885209316432 -15.860183660253796 73.999838356648496 -16.060183660253784 78.930534392762226 28.878924202899327
73.999924063831685 -15.660183660253807 73.999885209316432 -15.860183660253796 78.930534392762226 28.878924202899327
73.999954919572573 -15.460183660253819 73.999924063831685 -15.660183660253807 78.930534392762226 28.878924202899327
73.999977776045426 -15.26018366025383 73.999954919572573 -15.460183660253819 78.930534392762226 28.878924202899327
73.999992632884513 -15.060183660253841 73.999977776045426 -15.26018366025383 78.930534392762226 28.878924202899327
73.999999489852158 -14.860183660253853 73.999992632884513 -15.060183660253841 78.930534392762226 28.878924202899327
73.999998346838623 -14.660183660253864 73.999999489852158 -14.860183660253853 78.930534392762226 28.878924202899327
73.999989203862199 -14.460183660253875 73.999998346838623 -14.660183660253864 78.930534392762226 28.878924202899327
73.999972061069187 -14.260183660253887 73.999989203862199 -14.460183660253875 78.930534392762226 28.878924202899327
73.999946918733869 -14.060183660253898 73.999972061069187 -14.260183660253887 78.930534392762226 28.878924202899327
73.999913777258499 -13.860183660253909 73.999946918733869 -14.060183660253898 78.930534392762226 28.878924202899327
73.999872637173368 -13.660183660253921 73.999913777258499 -13.860183660253909 78.930534392762226 28.878924202899327
73.99982349913671 -13.460183660253932 73.999872637173368 -13.660183660253921 78.930534392762226 28.878924202899327
73.999766363934725 -13.260183660253944 73.99982349913671 -13.460183660253932 78.930534392762226 28.878924202899327
73.999701232481584 -13.060183660253955 73.999766363934725 -13.260183660253944 78.930534392762226 28.878924202899327
73.999628105819383 -12.860183660253966 73.999701232481584 -13.060183660253955 78.930534392762226 28.878924202899327
73.999546985118144 -12.660183660253978 73.999628105819383 -12.860183660253966 78.930534392762226 28.878924202899327
73.999457871675801 -12.460183660253989 73.999546985118144 -12.660183660253978 78.930534392762226 28.878924202899327
73.999360766918159 -12.260183660254 73.999457871675801 -12.460183660253989 78.930534392762226 28.878924202899327
73.999255672398903 -12.060183660254012 73.999360766918159 -12.260183660254 78.930534392762226 28.878924202899327
73.999142589799547 -11.860183660254023 73.999255672398903 -12.060183660254012 78.930534392762226 28.878924202899327
73.999021520929404 -11.660183660254035 73.999142589799547 -11.860183660254023 78.930534392762226 28.878924202899327
73.998892467725554 -11.460183660254046 73.999021520929404 -11.660183660254035 78.930534392762226 28.878924202899327
73.998755432252878 -11.260183660254057 73.998892467725554 -11.460183660254046 78.930534392762226 28.878924202899327
73.998610416703926 -11.060183660254069 73.998755432252878 -11.260183660254057 78.930534392762226 28.878924202899327
73.998457423398946 -10.86018366025408 73.998610416703926 -11.060183660254069 78.930534392762226 28.878924202899327
73.998296454785816 -10.660183660254091 73.998457423398946 -10.86018366025408 78.930534392762226 28.878924202899327
73.998127513440039 -10.460183660254103 73.998296454785816 -10.660183660254091 78.930534392762226 28.878924202899327
73.997950602064691 -10.260183660254114 73.998127513440039 -10.460183660254103 78.930534392762226 28.878924202899327
73.997765723490318 -10.060183660254125 73.997950602064691 -10.260183660254114 78.930534392762226 28.878924202899327
73.99757288067498 -9.8601836602541368 73.997765723490318 -10.060183660254125 78.930534392762226 28.878924202899327
73.997372076704181 -9.6601836602541482 73.99757288067498 -9.8601836602541368 78.930534392762226 28.878924202899327
73.997163314790768 -9.4601836602541596 73.997372076704181 -9.6601836602541482 78.930534392762226 28.878924202899327
73.996946598274917 -9.2601836602541709 73.997163314790768 -9.4601836602541596 78.930534392762226 28.878924202899327
73.996721930624091 -9.0601836602541823 73.996946598274917 -9.2601836602541709 78.930534392762226 28.878924202899327
73.996489315432981 -8.8601836602541937 73.996721930624091 -9.0601836602541823 78.930534392762226 28.878924202899327
73.996248756423412 -8.6601836602542051 73.996489315432981 -8.8601836602541937 78.930534392762226 28.878924202899327
73.996000257444322 -8.4601836602542164 73.996248756423412 -8.6601836602542051 78.930534392762226 28.878924202899327
73.995743822471695 -8.2601836602542278 73.996000257444322 -8.4601836602542164 78.930534392762226 28.878924202899327
73.995479455608489 -8.0601836602542392 73.995743822471695 -8.2601836602542278 78.930534392762226 28.878924202899327
73.995207161084565 -7.8601836602542505 73.995479455608489 -8.0601836602542392 78.930534392762226 28.878924202899327
73.99492694325663 -7.6601836602542619 73.995207161084565 -7.8601836602542505 78.930534392762226 28.878924202899327
73.994638806608151 -7.4601836602542733 73.99492694325663 -7.6601836602542619 78.930534392762226 28.878924202899327
73.994342755749329 -7.2601836602542846 73.994638806608151 -7.4601836602542733 78.930534392762226 28.878924202899327
73.994038795416955 -7.060183660254296 73.994342755749329 -7.2601836602542846 78.930534392762226 28.878924202899327
73.993726930474395 -6.8601836602543074 73.994038795416955 -7.060183660254296 78.930534392762226 28.878924202899327
73.993407165911478 -6.6601836602543187 73.993726930474395 -6.8601836602543074 78.930534392762226 28.878924202899327
73.993079506844438 -6.4601836602543301 73.993407165911478 -6.6601836602543187 78.930534392762226 28.878924202899327
73.992743958515803 -6.2601836602543415 73.993079506844438 -6.4601836602543301 78.930534392762226 28.878924202899327
73.992400526294347 -6.0601836602543528 73.992743958515803 -6.2601836602543415 78.930534392762226 28.878924202899327
73.992049215674967 -5.8601836602543642 73.992400526294347 -6.0601836602543528 78.930534392762226 28.878924202899327
73.99169003227864 -5.6601836602543756 73.992049215674967 -5.8601836602543642 78.930534392762226 28.878924202899327
73.991322981852278 -5.460183660254387 73.99169003227864 -5.6601836602543756 78.930534392762226 28.878924202899327
73.990948070268701 -5.2601836602543983 73.991322981852278 -5.460183660254387 78.930534392762226 28.878924202899327
73.990565303526466 -5.0601836602544097 73.990948070268701 -5.2601836602543983 78.930534392762226 28.878924202899327
73.990174687749843 -4.8601836602544211 73.990565303526466 -5.0601836602544097 78.930534392762226 28.878924202899327
73.989776229188678 -4.6601836602544324 73.990174687749843 -4.8601836602544211 78.930534392762226 28.878924202899327
73.989369934218274 -4.4601836602544438 73.989776229188678 -4.6601836602544324 78.930534392762226 28.878924202899327
73.988955809339387 -4.2601836602544552 73.989369934218274 -4.4601836602544438 78.930534392762226 28.878924202899327
73.98853386117797 -4.0601836602544665 73.988955809339387 -4.2601836602544552 78.930534392762226 28.878924202899327
73.988104096485188 -3.8601836602544779 73.98853386117797 -4.0601836602544665 78.930534392762226 28.878924202899327
73.987666522137289 -3.6601836602544893 73.988104096485188 -3.8601836602544779 78.930534392762226 28.878924202899327
73.987221145135436 -3.4601836602545006 73.987666522137289 -3.6601836602544893 78.930534392762226 28.878924202899327
73.986767972605648 -3.260183660254512 73.987221145135436 -3.4601836602545006 78.930534392762226 28.878924202899327
73.986307011798687 -3.0601836602545234 73.986767972605648 -3.260183660254512 78.930534392762226 28.878924202899327
73.985838270089914 -2.8601836602545347 73.986307011798687 -3.0601836602545234 78.930534392762226 28.878924202899327
73.985361754979181 -2.6601836602545461 73.985838270089914 -2.8601836602545347 78.930534392762226 28.878924202899327
73.984877474090723 -2.4601836602545575 73.985361754979181 -2.6601836602545461 78.930534392762226 28.878924202899327
73.984385435173024 -2.2601836602545688 73.984877474090723 -2.4601836602545575 78.930534392762226 28.878924202899327
73.983885646098699 -2.0601836602545802 73.984385435173024 -2.2601836602545688 78.930534392762226 28.878924202899327
73.983378114864365 -1.8601836602545916 73.983885646098699 -2.0601836602545802 78.930534392762226 28.878924202899327
73.982862849590489 -1.660183660254603 73.983378114864365 -1.8601836602545916 78.930534392762226 28.878924202899327
73.982339858521328 -1.4601836602546143 73.982862849590489 -1.660183660254603 78.930534392762226 28.878924202899327
73.981809150024731 -1.2601836602546257 73.982339858521328 -1.4601836602546143 78.930534392762226 28.878924202899327
73.981270732591994 -1.0601836602546371 73.981809150024731 -1.2601836602546257 78.930534392762226 28.878924202899327
73.980724614837811 -0.86018366025464843 73.981270732591994 -1.0601836602546371 78.930534392762226 28.878924202899327
73.980170805500052 -0.6601836602546598 73.980724614837811 -0.86018366025464843 78.930534392762226 28.878924202899327
73.979609313439639 -0.46018366025467117 73.980170805500052 -0.6601836602546598 78.930534392762226 28.878924202899327
73.979040147640447 -0.26018366025468254 73.979609313439639 -0.46018366025467117 78.930534392762226 28.878924202899327
73.978463317209119 -0.060183660254693905 73.979040147640447 -0.26018366025468254 78.930534392762226 28.878924202899327
73.977878831374909 0.13981633974529473 73.978463317209119 -0.060183660254693905 78.930534392762226 28.878924202899327
73.977286699489596 0.33981633974528336 73.977878831374909 0.13981633974529473 78.930534392762226 28.878924202899327
73.976686931027288 0.53981633974527199 73.977286699489596 0.33981633974528336 78.930534392762226 28.878924202899327
73.976079535584233 0.73981633974526062 73.976686931027288 0.53981633974527199 78.930534392762226 28.878924202899327
73.975464522878781 0.93981633974524925 73.976079535584233 0.73981633974526062 78.930534392762226 28.878924202899327
73.974841902751095 1.1398163397452379 73.975464522878781 0.93981633974524925 78.930534392762226 28.878924202899327
73.974211685163098 1.3398163397452265 73.974841902751095 1.1398163397452379 78.930534392762226 28.878924202899327
73.973573880198245 1.5398163397452151 73.974211685163098 1.3398163397452265 78.930534392762226 28.878924202899327
73.972928498061435 1.7398163397452038 73.973573880198245 1.5398163397452151 78.930534392762226 28.878924202899327
73.972275549078731 1.9398163397451924 73.972928498061435 1.7398163397452038 78.930534392762226 28.878924202899327
73.971615043697312 2.139816339745181 73.972275549078731 1.9398163397451924 78.930534392762226 28.878924202899327
73.970946992485267 2.3398163397451697 73.971615043697312 2.139816339745181 78.930534392762226 28.878924202899327
73.970271406131374 2.5398163397451583 73.970946992485267 2.3398163397451697 78.930534392762226 28.878924202899327
73.969588295445021 2.7398163397451469 73.970271406131374 2.5398163397451583 78.930534392762226 28.878924202899327
73.968897671355961 2.9398163397451356 73.969588295445021 2.7398163397451469 78.930534392762226 28.878924202899327
73.968199544914171 3.1398163397451242 73.968897671355961 2.9398163397451356 78.930534392762226 28.878924202899327
73.967493927289638 3.3398163397451128 73.968199544914171 3.1398163397451242 78.930534392762226 28.878924202899327
73.966780829772247 3.5398163397451015 73.967493927289638 3.3398163397451128 78.930534392762226 28.878924202899327
73.966060263771539 3.7398163397450901 73.966780829772247 3.5398163397451015 78.930534392762226 28.878924202899327
73.965332240816551 3.9398163397450787 73.966060263771539 3.7398163397450901 78.930534392762226 28.878924202899327
73.964596772555637 4.1398163397450674 73.965332240816551 3.9398163397450787 78.930534392762226 28.878924202899327
73.963853870756282 4.339816339745056 73.964596772555637 4.1398163397450674 78.930534392762226 28.878924202899327
73.963103547304868 4.5398163397450446 73.963853870756282 4.339816339745056 78.930534392762226 28.878924202899327
73.9623458142066 4.7398163397450332 73.963103547304868 4.5398163397450446 78.930534392762226 28.878924202899327
73.961580683585154 4.9398163397450219 73.9623458142066 4.7398163397450332 78.930534392762226 28.878924202899327
73.95944361802087 5.1951885502026744 73.961580683585154 4.9398163397450219 78.930534392762226 28.878924202899327
73.951968873023276 5.4742932771387229 73.95944361802087 5.1951885502026744 78.930534392762226 28.878924202899327
73.938907236580434 5.7531767204873043 73.951968873023276 5.4742932771387229 78.930534392762226 28.878924202899327
73.920264594286493 6.0317269180755595 73.938907236580434 5.7531767204873043 78.930534392762226 28.878924202899327
73.896049078115539 6.3098320554693306 73.920264594286493 6.0317269180755595 78.930534392762226 28.878924202899327
73.866271062842316 6.5873805111001609 73.896049078115539 6.3098320554693306 78.930534392762226 28.878924202899327
73.830943161555098 6.8642609013076363 73.866271062842316 6.5873805111001609 78.930534392762226 28.878924202899327
73.790080220262837 7.1403621252786298 73.830943161555098 6.8642609013076363 78.930534392762226 28.878924202899327
73.743699311598789 7.4155734098653747 73.790080220262837 7.1403621252786298 78.930534392762226 28.878924202899327
73.691819727623411 7.6897843542640434 73.743699311598789 7.4155734098653747 78.930534392762226 28.878924202899327
73.634462971729661 7.9628849745357417 73.691819727623411 7.6897843542640434 78.930534392762226 28.878924202899327
73.571652749653865 8.2347657479519434 73.634462971729661 7.9628849745357417 78.930534392762226 28.878924202899327
73.503414959596441 8.5053176571461986 73.571652749653865 8.2347657479519434 78.930534392762226 28.878924202899327
73.429777681456102 8.7744322340544105 73.503414959596441 8.5053176571461986 78.930534392762226 28.878924202899327
73.350771165182479 9.0420016036257174 73.429777681456102 8.7744322340544105 78.930534392762226 28.878924202899327
73.339686015154115 9.0769507620477974 73.350771165182479 9.0420016036257174 78.930534392762226 28.878924202899327
71.394332439815102 9.8221649223341139 71.220102328498356 9.4763463851376848 73.339686015154115 9.0769507620477974
71.763452602380355 10.547074123403316 71.394332439815102 9.8221649223341139 73.339686015154115 9.0769507620477974
72.665213268361114 10.830223380916799 71.763452602380355 10.547074123403316 73.339686015154115 9.0769507620477974
78.930534392762226 28.878924202899327 72.665213268361114 10.830223380916799 73.339686015154115 9.0769507620477974
78.930534392762226 28.878924202899327 72.650377403038291 10.862804365956702 72.665213268361114 10.830223380916799
78.930534392762226 28.878924202899327 72.529761853029484 11.11421394933252 72.650377403038291 10.862804365956702
78.930534392762226 28.878924202899327 72.404144615352081 11.363141211672437 72.529761853029484 11.11421394933252
78.930534392762226 28.878924202899327 72.273576809829336 11.60948654918095 72.404144615352081 11.363141211672437
78.930534392762226 28.878924202899327 72.138111541670298 11.853151411775775 72.273576809829336 11.60948654918095
78.930534392762226 28.878924202899327 71.997803879723349 12.094038342699676 72.138111541670298 11.853151411775775
78.930534392762226 28.878924202899327 71.852710833938488 12.3320510176827 71.997803879723349 12.094038342699676
78.930534392762226 28.878924202899327 71.702891332047969 12.567094283639143 71.852710833938488 12.3320510176827
78.930534392762226 28.878924202899327 71.548406195474584 12.799074196883566 71.702891332047969 12.567094283639143
78.930534392762226 28.878924202899327 71.389318114478044 13.027898060850397 71.548406195474584 12.799074196883566
78.930534392762226 28.878924202899327 71.225691622548993 13.253474463302018 71.389318114478044 13.027898060850397
78.930534392762226 28.878924202899327 71.05759307006187 13.475713313010182 71.225691622548993 13.253474463302018
78.930534392762226 28.878924202899327 70.885090597197149 13.694525875896151 71.05759307006187 13.475713313010182
78.930534392762226 28.878924202899327 70.708254106144054 13.909824810614785 70.885090597197149 13.694525875896151
78.930534392762226 28.878924202899327 70.527155232595376 14.121524203568422 70.708254106144054 13.909824810614785
78.930534392762226 28.878924202899327 70.341867316546015 14.329539603336404 70.527155232595376 14.121524203568422
78.930534392762226 28.878924202899327 70.152465372407164 14.533788054506301 70.341867316546015 14.329539603336404
78.930534392762226 28.878924202899327 69.959026058448629 14.734188130893394 70.152465372407164 14.533788054506301
78.930534392762226 28.878924202899327 69.761627645581584 14.930659968134893 69.959026058448629 14.734188130893394
78.930534392762226 28.878924202899327 69.560349985494867 15.123125295645893 69.761627645581584 14.930659968134893
78.930534392762226 28.878924202899327 69.355274478157554 15.31150746792424 69.560349985494867 15.123125295645893
78.930534392762226 28.878924202899327 69.146484038701416 15.495731495191638 69.355274478157554 15.31150746792424
78.930534392762226 28.878924202899327 68.934063063696698 15.675724073358852 69.146484038701416 15.495731495191638
78.930534392762226 28.878924202899327 68.718097396835162 15.851413613302862 68.934063063696698 15.675724073358852
78.930534392762226 28.878924202899327 68.498674294034245 16.022730269444295 68.718097396835162 15.851413613302862
78.930534392762226 28.878924202899327 68.275882387976878 16.189605967613737 68.498674294034245 16.022730269444295
78.930534392762226 28.878924202899327 68.04981165210134 16.351974432195654 68.275882387976878 16.189605967613737
78.930534392762226 28.878924202899327 67.820553364055812 16.509771212539196 68.04981165210134 16.351974432195654
78.930534392762226 28.878924202899327 67.588200068632872 16.66293370862526 67.820553364055812 16.509771212539196
78.930534392762226 28.878924202899327 67.3528455401988 16.811401195979577 67.588200068632872 16.66293370862526
78.930534392762226 28.878924202899327 67.114584744633078 16.955114849821896 67.3528455401988 16.811401195979577
78.930534392762226 28.878924202899327 66.873513800793972 17.094017768441645 67.114584744633078 16.955114849821896
78.930534392762226 28.878924202899327 66.62972994152544 17.22805499579076 66.873513800793972 17.094017768441645
78.930534392762226 28.878924202899327 66.383331474221805 17.357173543284699 66.62972994152544 17.22805499579076
78.930534392762226 28.878924202899327 66.134417740965844 17.481322410802949 66.383331474221805 17.357173543284699
78.930534392762226 28.878924202899327 65.88308907825693 17.600452606880793 66.134417740965844 17.481322410802949
78.930534392762226 28.878924202899327 65.629446776345446 17.7145171680842 65.88308907825693 17.600452606880793
78.930534392762226 28.878924202899327 65.373593038190208 17.82347117756029 65.629446776345446 17.7145171680842
78.930534392762226 28.878924202899327 65.115630938055432 17.927271782756002 65.373593038190208 17.82347117756029
78.930534392762226 28.878924202899327 64.855664379764434 18.025878212297958 65.115630938055432 17.927271782756002
78.930534392762226 28.878924202899327 64.593798054626816 18.119251792026933 64.855664379764434 18.025878212297958
78.930534392762226 28.878924202899327 64.330137399056412 18.207355960180575 64.593798054626816 18.119251792026933
78.930534392762226 28.878924202899327 64.064788551897209 18.290156281718488 64.330137399056412 18.207355960180575
78.930534392762226 28.878924202899327 63.797858311474769 18.367620461784036 64.064788551897209 18.290156281718488
78.930534392762226 28.878924202899327 63.529454092390345 18.439718358297618 63.797858311474769 18.367620461784036
78.930534392762226 28.878924202899327 63.259683882075656 18.506421993676618 63.529454092390345 18.439718358297618
78.930534392762226 28.878924202899327 62.988656197125678 18.567705565677322 63.259683882075656 18.506421993676618
78.930534392762226 28.878924202899327 62.716480039427452 18.62354545735483 62.988656197125678 18.567705565677322
78.930534392762226 28.878924202899327 62.443264852102565 18.673920246136994 62.716480039427452 18.62354545735483
78.930534392762226 28.878924202899327 62.169120475281375 18.718810712008992 62.443264852102565 18.673920246136994
78.930534392762226 28.878924202899327 61.894157101726876 18.758199844805493 62.169120475281375 18.718810712008992
78.930534392762226 28.878924202899327 61.618485232326258 18.792072850607592 61.894157101726876 18.758199844805493
78.930534392762226 28.878924202899327 61.342215631468264 18.820417157242208 61.618485232326258 18.792072850607592
78.930534392762226 28.878924202899327 61.065459282324419 18.843222418881989 61.342215631468264 18.820417157242208
78.930534392762226 28.878924202899327 60.788327342052312 18.860480519744009 61.065459282324419 18.843222418881989
78.930534392762226 28.878924202899327 60.510931096939188 18.872185576886078 60.788327342052312 18.860480519744009
78.930534392762226 28.878924202899327 60.23338191750392 18.878333942099722 60.510931096939188 18.872185576886078
78.930534392762226 28.878924202899327 59.955791213575658 18.878924202899327 60.23338191750392 18.878333942099722
78.930534392762226 28.878924202899327 59.678270389367412 18.873957182607288 59.955791213575658 18.878924202899327
78.930534392762226 28.878924202899327 59.400930798562634 18.863435939535382 59.678270389367412 18.873957182607288
78.930534392762226 28.878924202899327 59.123883699433193 18.847365765262932 59.400930798562634 18.863435939535382
78.930534392762226 28.878924202899327 58.847240210006781 18.825754182012691 59.123883699433193 18.847365765262932
78.930534392762226 28.878924202899327 58.571111263301994 18.798610939125815 58.847240210006781 18.825754182012691
78.930534392762226 28.878924202899327 58.295607562649131 18.765948008637533 58.571111263301994 18.798610939125815
78.930534392762226 28.878924202899327 58.020839537114945 18.727779579955605 58.295607562649131 18.765948008637533
78.930534392762226 28.878924202899327 57.74691729704918 18.684122053643961 58.020839537114945 18.727779579955605
78.930534392762226 28.878924202899327 57.473950589771043 18.634994034314293 57.74691729704918 18.684122053643961
78.930534392762226 28.878924202899327 57.202048755413486 18.580416322628707 57.473950589771043 18.634994034314293
78.930534392762226 28.878924202899327 56.931320682943088 18.520411906417003 57.202048755413486 18.580416322628707
78.930534392762226 28.878924202899327 -10 3.0673327298573678 55.078121310624297 17.950818634222742
56.931320682943088 18.520411906417003 78.930534392762226 28.878924202899327 56.661874766373401 18.455005950912316
56.661874766373401 18.455005950912316 78.930534392762226 28.878924202899327 56.393818861189359 18.384225788109461
56.393818861189359 18.384225788109461 78.930534392762226 28.878924202899327 56.127260241000407 18.30810090525042
56.127260241000407 18.30810090525042 78.930534392762226 28.878924202899327 55.862305554439857 18.226662932441979
55.862305554439857 18.226662932441979 78.930534392762226 28.878924202899327 55.599060782327804 18.139945629410768
55.599060782327804 18.139945629410768 78.930534392762226 28.878924202899327 55.337631195114923 18.047984871401255
55.337631195114923 18.047984871401255 78.930534392762226 28.878924202899327 55.078121310624297 17.950818634222742
55.078121310624297 17.950818634222742 -10 3.0673327298573678 54.820634852108313 17.848486978451643
54.820634852108313 17.848486978451643 -10 3.0673327298573678 54.565274706637496 17.741032032795662
-10 3.0673327298573678 54.312142883838106 17.628497976626885 54.565274706637496 17.741032032795662
54.312142883838106 17.628497976626885 -10 3.0673327298573678 54.061340474995049 17.510931021691139
54.061340474995049 17.510931021691139 -10 3.0673327298573678 -9.8000000000000007 3.0663338044518169
53.812967612536497 17.388379393001181 54.061340474995049 17.510931021691139 -8.4000000000000057 3.0595364898253443
53.567123429916734 17.260893308921812 53.812967612536497 17.388379393001181 -5.4000000000000048 3.046140039228459
53.323906021913118 17.128524960455149 53.567123429916734 17.260893308921812 -2.6000000000000023 3.03510949959629
53.083412405353165 16.991328489734705 53.323906021913118 17.128524960455149 -1.8686130481471662e-15 3.0261712607812488
52.845738480287721 16.849359967737254 53.083412405353165 16.991328489734705 2.3999999999999981 3.0190570190066723
52.610978991625473 16.702677371221672 52.845738480287721 16.849359967737254 4.5999999999999996 3.0135085177996386
52.379227491244563 16.551340558904464 52.610978991625473 16.702677371221672 6.6000000000000014 3.00928135199289
13.599999999999982 3.00070152562445 51.484128574147071 15.900712797365818 51.70293776135324 16.070031122340311
14.999999999999977 3.0001559776713123 51.268775948339055 15.727066893510353 51.484128574147071 15.900712797365818
16.399999999999974 3.0000022818296723 51.056965510561639 15.549164019453571 51.268775948339055 15.727066893510353
17.799999999999969 3.0002405585891974 50.848781443800931 15.367076478553571 51.056965510561639 15.549164019453571
18.999999999999964 3.0007566407259634 50.64430645385265 15.180878239295787 50.848781443800931 15.367076478553571
19.999999999999961 3.001406383302538 50.443621736383861 14.990644905077904 50.64430645385265 15.180878239295787
20.260013870397653 2.998960047856122 50.246806944613631 14.796453683343366 50.443621736383861 14.990644905077904
20.519930211585876 2.9913221472580145 50.053940157625519 14.598383354075963 50.246806944613631 14.796453683343366
20.779645534668941 2.9784955902077885 49.865097849324478 14.396514237668672 50.053940157625519 14.598383354075963
21.039056427649836 2.9604853448559836 49.680354858050656 14.190928162179809 49.865097849324478 14.396514237668672
21.298059596338312 2.9372984369039354 49.499784356861923 13.981708429989983 49.680354858050656 14.190928162179809
21.556551905214157 2.908943946892705 49.323457824497204 13.768939783873583 49.499784356861923 13.981708429989983
21.814430418229435 2.8754330066821017 49.151445017031968 13.552708372498635 49.323457824497204 13.768939783873583
22.071592439533788 2.8367787951211931 48.983813940237262 13.333101715369239 49.151445017031968 13.552708372498635
22.327935554106812 2.7929965329119106 48.820630822653008 13.110208667224969 48.983813940237262 13.333101715369239
22.583357668281458 2.7441034766677683 48.661960089386547 12.884119381911692 48.820630822653008 13.110208667224969
22.837757050142695 2.6901189121699565 48.507864336646492 12.654925275738796 48.661960089386547 12.884119381911692
23.091032369785463 2.6310641468234226 48.35840430702212 12.422718990337607 48.507864336646492 12.654925275738796
23.343082739416147 2.5669625013158659 48.213638865518035 12.187594355036435 48.35840430702212 12.422718990337607
23.843107527411789 2.4237218633826187 48.073624976353464 11.949646348767292 48.213638865518035 12.187594355036435
24.090882739155056 2.3446394925843448 47.938417680535395 11.70897106152022 48.073624976353464 11.949646348767292
24.337034666499505 2.2606234626741646 47.808070074214342 11.465665655360672 47.938417680535395 11.70897106152022
24.581465227156066 2.1717070079832479 47.682633287831258 11.219828325026056 47.808070074214342 11.465665655360672
24.824077017393218 2.0779253095427959 47.562156466063655 10.971558258117405 47.682633287831258 11.219828325026056
25.064773350606384 1.9793154812710028 47.446686748578941 10.720955594902437 47.562156466063655 10.971558258117405
25.303458295607083 1.8759165553973194 47.336269251602296 10.468121387746457 47.446686748578941 10.720955594902437
25.540036714616761 1.7677694671297361 47.230947050306426 10.213157560187513 47.336269251602296 10.468121387746457
25.774414300950383 1.654917038570991 47.130761162029948 9.9561668656726034 47.230947050306426 10.213157560187513
26.006497616375029 1.5374039618899848 47.035750530330901 9.6972528459716312 47.130761162029948 9.9561668656726034
26.23619412812867 1.415276781754967 46.945952009881537 9.4365197892860717 47.035750530330901 9.6972528459716312
26.688061356547813 1.1573754417788327 46.782128192296426 8.9100171965766428 46.86140035221031 9.1740726880694492
26.910051863166714 1.0217034654726715 46.708166036022028 8.6444595881594317 46.782128192296426 8.9100171965766428
27.129295217449897 0.88162171259435329 46.639542248487018 8.3775067123255056 46.708166036022028 8.6444595881594317
27.345703956370233 0.7371857014620864 46.576283043190664 8.109265951578422 46.639542248487018 8.3775067123255056
27.559191736544641 0.588452682391857 46.518412472084222 7.8398451780561018 46.576283043190664 8.109265951578422
27.769673368475225 0.43548161517007467 46.465952416498283 7.5693527099852922 46.518412472084222 7.8398451780561018
27.977064850338341 0.2783331458505045 46.418922578948099 7.2978972679698781 46.465952416498283 7.5693527099852922
28.181283401308313 0.11706958288452407 46.377340475820027 7.0255879311305609 46.418922578948099 7.2978972679698781
28.382247494402677 -0.0482451274059712 46.34122143094163 6.7525340931137974 46.377340475820027 7.0255879311305609
28.579876888835969 -0.21754542600349458 46.31057857003772 6.4788454179878334 46.34122143094163 6.7525340931137974
28.774092661869378 -0.390764167007843 46.285422816074401 6.2046317960435813 46.31057857003772 6.4788454179878334
28.964817240143645 -0.56783264407691991 46.265762885492414 5.9300032995183836 46.285422816074401 6.2046317960435813
29.151974430482841 -0.74868061748515169 46.25160528533133 5.655070138260446 46.265762885492414 5.9300032995183836
29.335489450156985 -0.93323634178894643 46.242954311245079 5.3799426153519265 46.25160528533133 5.655070138260446
29.515288956591402 -1.1214265940884269 46.239812046409561 5.1047310827086854 46.242954311245079 5.3799426153519265
29.691301076511216 -1.3131767028743702 46.241122471545602 4.8761101961542872 46.239812046409561 5.1047310827086854
29.863455434509437 -1.508410577449119 46.242835595802951 4.6761101961542844 46.241122471545602 4.8761101961542872
29.863455434509437 -1.508410577449119 46.244552834685287 4.4761101961542815 46.242835595802951 4.6761101961542844
30.031683181027315 -1.7070507379099791 46.246274160716808 4.2761101961542787 46.244552834685287 4.4761101961542815
30.031683181027315 -1.7070507379099791 46.247999546356354 4.0761101961542758 46.246274160716808 4.2761101961542787
30.195917019735983 -1.9090183456833771 46.249728963997775 3.8761101961542725 46.247999546356354 4.0761101961542758
30.195917019735983 -1.9090183456833771 46.251462385970434 3.6761101961542697 46.249728963997775 3.8761101961542725
30.195917019735983 -1.9090183456833771 46.253199784539618 3.4761101961542669 46.251462385970434 3.6761101961542697
30.35609123430849 -2.1142332345978874 46.254941131906982 3.276110196154264 46.253199784539618 3.4761101961542669
30.35609123430849 -2.1142332345978874 46.256686400211009 3.0761101961542612 46.254941131906982 3.276110196154264
30.512141714571708 -2.3226139424839602 46.258435561527442 2.8761101961542583 46.256686400211009 3.0761101961542612
30.512141714571708 -2.3226139424839602 46.260188587869742 2.6761101961542555 46.258435561527442 2.8761101961542583
30.664005982027689 -2.534077743288023 46.261945451189511 2.4761101961542527 46.260188587869742 2.6761101961542555
30.664005982027689 -2.534077743288023 46.263706123376991 2.2761101961542498 46.261945451189511 2.4761101961542527
30.811623214734485 -2.7485406796884249 46.26547057626145 2.076110196154247 46.263706123376991 2.2761101961542498
30.811623214734485 -2.7485406796884249 46.267238781611688 1.8761101961542441 46.26547057626145 2.076110196154247
30.954934271536402 -2.9659175962004234 46.269010711136453 1.6761101961542413 46.267238781611688 1.8761101961542441
30.954934271536402 -2.9659175962004234 46.27078633648491 1.4761101961542384 46.269010711136453 1.6761101961542413
31.093881715634325 -3.1861221727573721 46.272565629247097 1.2761101961542356 46.27078633648491 1.4761101961542384
31.093881715634325 -3.1861221727573721 46.274348560954365 1.0761101961542328 46.272565629247097 1.2761101961542356
31.228409837486524 -3.4090669587548792 46.276135103079845 0.87611019615422991 46.274348560954365 1.0761101961542328
31.228409837486524 -3.4090669587548792 46.277925227038892 0.67611019615422707 46.276135103079845 0.87611019615422991
31.228409837486524 -3.4090669587548792 46.279718904189579 0.47611019615422423 46.277925227038892 0.67611019615422707
31.358464677031066 -3.634663407544692 46.281516105833092 0.27611019615422139 46.279718904189579 0.47611019615422423
31.358464677031066 -3.634663407544692 46.283316803214255 0.07611019615421856 46.281516105833092 0.27611019615422139
31.483994045220879 -3.862821911364831 46.285120967521941 -0.12388980384578428 46.283316803214255 0.07611019615421856
31.483994045220879 -3.862821911364831 46.286928569889568 -0.32388980384578714 46.285120967521941 -0.12388980384578428
31.604947544862966 -4.0934518366922497 46.288739581395525 -0.52388980384578998 46.286928569889568 -0.32388980384578714
31.604947544862966 -4.0934518366922497 46.290553973063673 -0.72388980384579282 46.288739581395525 -0.52388980384578998
31.721276590753515 -4.3264615600042715 46.292371715863787 -0.92388980384579567 46.290553973063673 -0.72388980384579282
31.721276590753515 -4.3264615600042715 46.294192780712017 -1.1238898038457985 46.292371715863787 -0.92388980384579567
46.294192780712017 -1.1238898038457985 31.832934429100824 -4.5617585039347519 46.296017138471363 -1.3238898038458013
33.038505786577531 -10.292036732051002 33.039279131887476 -10.492036732051005 46.381039501876025 -10.32388980384593
46.297844759952142 -1.5238898038458042 31.939876156228408 -4.7992491738108605 46.299675615912456 -1.723889803845807
33.039279131887476 -10.492036732051005 33.040059848721484 -10.692036732051008 46.382983017398743 -10.523889803845933
46.301509677058633 -1.9238898038458099 32.042058736550736 -5.0388391945561866 46.303346914045747 -2.1238898038458127
33.040059848721484 -10.692036732051008 33.040847924588093 -10.892036732051011 46.384928405190692 -10.723889803845935
33.040847924588093 -10.892036732051011 33.041643346878118 -11.092036732051014 46.386875634125694 -10.923889803845938
46.30703079790942 -2.5238898038458184 32.139441019814505 -5.2804333479456806 46.308877385843914 -2.7238898038458212
33.041643346878118 -11.092036732051014 33.042446102864815 -11.292036732051017 46.388824673048141 -11.123889803845941
46.310727031736157 -2.9238898038458241 32.231983757598563 -5.523935610197924 46.312579705991851 -3.1238898038458269
33.042446102864815 -11.292036732051017 33.043256179704109 -11.492036732051019 46.39077549077345 -11.323889803845944
33.043256179704109 -11.492036732051019 33.044073564434775 -11.692036732051022 46.39077549077345 -11.323889803845944
46.316294020974638 -3.5238898038458326 32.402403205961015 -6.0162765661797319 46.318155602272761 -3.7238898038458355
33.044073564434775 -11.692036732051022 33.044898243978693 -11.892036732051025 46.394682337752513 -11.72388980384595
33.044898243978693 -11.892036732051025 33.045730205140991 -12.092036732051028 46.394682337752513 -11.72388980384595
33.045730205140991 -12.092036732051028 33.046569434610319 -12.292036732051031 46.398595925026015 -12.123889803845955
46.323757683832724 -4.3238898038458435 32.553041710581226 -6.5150792094591861 46.325630723982087 -4.5238898038458464
33.046569434610319 -12.292036732051031 33.047415918959018 -12.492036732051034 46.398595925026015 -12.123889803845955
33.047415918959018 -12.492036732051034 33.048269644643362 -12.692036732051037 46.402516002125701 -12.523889803845961
33.048269644643362 -12.692036732051037 33.04913059800375 -12.892036732051039 46.402516002125701 -12.523889803845961
46.331266463761239 -5.1238898038458549 32.68365525888143 -7.0195502553220495 46.333150483273791 -5.3238898038458577
33.04913059800375 -12.892036732051039 33.049998765264959 -13.092036732051042 46.406442318167976 -12.923889803845967
33.049998765264959 -13.092036732051042 33.050874132536315 -13.292036732051045 46.406442318167976 -12.923889803845967
33.050874132536315 -13.292036732051045 33.051756685811974 -13.492036732051048 46.410374621869956 -13.323889803845972
33.051756685811974 -13.492036732051048 33.0526464109711 -13.692036732051051 46.410374621869956 -13.323889803845972
33.0526464109711 -13.692036732051051 33.053543293778105 -13.892036732051054 46.414312661565539 -13.723889803845978
33.053543293778105 -13.892036732051054 33.054447319882883 -14.092036732051056 46.414312661565539 -13.723889803845978
33.054447319882883 -14.092036732051056 33.055358474821034 -14.292036732051059 46.418256185221537 -14.123889803845984
46.346411674945287 -6.7238898038458776 32.883990542004909 -8.0422797933140764 46.348316203600909 -6.9238898038458805
33.055358474821034 -14.292036732051059 33.056276744014106 -14.492036732051062 46.418256185221537 -14.123889803845984
33.056276744014106 -14.492036732051062 33.057202112769808 -14.692036732051065 46.422204940453781 -14.523889803845989
33.057202112769808 -14.692036732051065 33.058134566282263 -14.892036732051068 46.422204940453781 -14.523889803845989
33.058134566282263 -14.892036732051068 33.059074089632226 -15.092036732051071 46.426158674543281 -14.923889803845995
33.059074089632226 -15.092036732051071 33.060020667787349 -15.292036732051073 46.426158674543281 -14.923889803845995
33.060020667787349 -15.292036732051073 33.060974285602406 -15.492036732051076 46.430117134452402 -15.323889803846001
33.060974285602406 -15.492036732051076 33.061934927819522 -15.692036732051079 46.430117134452402 -15.323889803846001
33.061934927819522 -15.692036732051079 33.062902579068449 -15.892036732051082 46.434080066841069 -15.723889803846006
33.062902579068449 -15.892036732051082 33.06387722386679 -16.092036732051085 46.434080066841069 -15.723889803846006
33.06387722386679 -16.092036732051085 33.06485884662024 -16.292036732051088 46.438047218082957 -16.123889803846012
33.06485884662024 -16.292036732051088 33.065847431622863 -16.492036732051091 46.438047218082957 -16.123889803846012
33.066842963057319 -16.692036732051093 33.06784542499512 -16.892036732051096 46.442018334281734 -16.523889803846018
33.06784542499512 -16.892036732051096 33.06885480139691 -17.092036732051099 46.445993161287333 -16.923889803846023
33.06885480139691 -17.092036732051099 33.069871076112676 -17.292036732051102 46.445993161287333 -16.923889803846023
33.069871076112676 -17.292036732051102 33.070894232882047 -17.492036732051105 46.451961803024766 -17.523889803846032
33.070894232882047 -17.492036732051105 33.071924255334537 -17.692036732051108 46.451961803024766 -17.523889803846032
33.07296112698981 -17.89203673205111 33.074004831257945 -18.092036732051113 46.45793736217955 -18.123889803846041
33.074004831257945 -18.092036732051113 33.075055351439687 -18.292036732051116 46.45793736217955 -18.123889803846041
33.075055351439687 -18.292036732051116 33.076112670726744 -18.492036732051119 46.45793736217955 -18.123889803846041
33.041643346878118 -11.092036732051014 46.388824673048141 -11.123889803845941 46.386875634125694 -10.923889803845938
33.042446102864815 -11.292036732051017 46.39077549077345 -11.323889803845944 46.388824673048141 -11.123889803845941
33.081500657851393 -19.492036732051133 33.082598412723065 -19.692036732051136 46.471902399485167 -19.52388980384606
33.082598412723065 -19.692036732051136 33.083702846011221 -19.892036732051139 46.471902399485167 -19.52388980384606
33.084813940044967 -20.092036732051142 33.085931677046808 -20.292036732051145 46.481891551229836 -20.523889803846075
33.087056039132989 -20.492036732051147 33.088187008313731 -20.69203673205115 46.481891551229836 -20.523889803846075
33.0526464109711 -13.692036732051051 46.414312661565539 -13.723889803845978 46.410374621869956 -13.323889803845972
33.054447319882883 -14.092036732051056 46.418256185221537 -14.123889803845984 46.414312661565539 -13.723889803845978
33.056276744014106 -14.492036732051062 46.422204940453781 -14.523889803845989 46.418256185221537 -14.123889803845984
33.058134566282263 -14.892036732051068 46.426158674543281 -14.923889803845995 46.422204940453781 -14.523889803845989
33.060020667787349 -15.292036732051073 46.430117134452402 -15.323889803846001 46.426158674543281 -14.923889803845995
33.061934927819522 -15.692036732051079 46.434080066841069 -15.723889803846006 46.430117134452402 -15.323889803846001
33.06387722386679 -16.092036732051085 46.438047218082957 -16.123889803846012 46.434080066841069 -15.723889803846006
33.065847431622863 -16.492036732051091 46.442018334281734 -16.523889803846018 46.438047218082957 -16.123889803846012
33.06784542499512 -16.892036732051096 46.445993161287333 -16.923889803846023 46.442018334281734 -16.523889803846018
33.069871076112676 -17.292036732051102 46.451961803024766 -17.523889803846032 46.445993161287333 -16.923889803846023
33.07296112698981 -17.89203673205111 46.45793736217955 -18.123889803846041 46.451961803024766 -17.523889803846032
33.076112670726744 -18.492036732051119 46.463918978281498 -18.723889803846049 46.45793736217955 -18.123889803846041
33.080409598960273 -19.29203673205113 46.471902399485167 -19.52388980384606 46.463918978281498 -18.723889803846049
33.084813940044967 -20.092036732051142 46.481891551229836 -20.523889803846075 46.471902399485167 -19.52388980384606
33.098660029786608 -22.492036732051176 46.519882346697152 -24.323889803846129 46.481891551229836 -20.523889803846075
33.113430629293298 -24.89203673205121 46.529869794952262 -25.323889803846143 46.519882346697152 -24.323889803846129
33.119849887099008 -25.892036732051224 46.537851342947071 -26.123889803846154 46.529869794952262 -25.323889803846143
33.123774595040949 -26.492036732051233 46.543831256704159 -26.723889803846163 46.537851342947071 -26.123889803846154
33.127753478791092 -27.092036732051241 46.549804858836026 -27.323889803846171 46.543831256704159 -26.723889803846163
33.13178596539705 -27.69203673205125 46.555771289154279 -27.92388980384618 46.549804858836026 -27.323889803846171
33.135871474187724 -28.292036732051258 46.559744500704916 -28.323889803846185 46.555771289154279 -27.92388980384618
33.138624313274185 -28.692036732051264 46.563713888627909 -28.723889803846191 46.559744500704916 -28.323889803846185
33.141400280281253 -29.09203673205127 46.567679198883773 -29.123889803846197 46.563713888627909 -28.723889803846191
33.144199197547984 -29.492036732051275 46.571640177694015 -29.523889803846203 46.567679198883773 -29.123889803846197
33.147020885944627 -29.892036732051281 46.575596571557334 -29.923889803846208 46.571640177694015 -29.523889803846203
40.659884770275021 -36.683985581154133 46.577068191022519 -30.081487337927413 46.575596571557334 -29.923889803846208
46.572492237331147 -30.34464152625586 46.576097304466359 -30.213067597720197 46.577068191022519 -30.081487337927413
46.566252825774285 -30.476156350235879 46.572492237331147 -30.34464152625586 46.577068191022519 -30.081487337927413
46.557379964066605 -30.607559286093593 46.566252825774285 -30.476156350235879 46.577068191022519 -30.081487337927413
46.545875604973844 -30.738797561229301 46.557379964066605 -30.607559286093593 46.577068191022519 -30.081487337927413
46.531742759711342 -30.869818435257404 46.545875604973844 -30.738797561229301 46.577068191022519 -30.081487337927413
46.514985497471741 -31.000569221257216 46.531742759711342 -30.869818435257404 46.577068191022519 -30.081487337927413
46.495608944525607 -31.130997307018674 46.514985497471741 -31.000569221257216 46.577068191022519 -30.081487337927413
46.473619282894788 -31.261050176274402 46.495608944525607 -31.130997307018674 46.577068191022519 -30.081487337927413
46.449023748598727 -31.390675429909628 46.473619282894788 -31.261050176274402 46.577068191022519 -30.081487337927413
46.421830629474186 -31.519820807141077 46.449023748598727 -31.390675429909628 46.577068191022519 -30.081487337927413
46.392049262568669 -31.648434206656649 46.421830629474186 -31.519820807141077 46.577068191022519 -30.081487337927413
46.359690031108393 -31.776463707706881 46.392049262568669 -31.648434206656649 46.577068191022519 -30.081487337927413
46.324764361041666 -31.903857591139896 46.359690031108393 -31.776463707706881 46.577068191022519 -30.081487337927413
46.287284717158492 -32.030564360371166 46.324764361041666 -31.903857591139896 46.577068191022519 -30.081487337927413
46.247264598787957 -32.156532762279511 46.287284717158492 -32.030564360371166 46.577068191022519 -30.081487337927413
46.20471853507442 -32.281711808020852 46.247264598787957 -32.156532762279511 46.577068191022519 -30.081487337927413
46.159662079834256 -32.406050793751284 46.20471853507442 -32.281711808020852 46.577068191022519 -30.081487337927413
46.112111805994864 -32.52949932125081 46.159662079834256 -32.406050793751284 46.577068191022519 -30.081487337927413
46.062085299617721 -32.652007318439516 46.112111805994864 -32.52949932125081 46.577068191022519 -30.081487337927413
46.009601153507646 -32.773525059777597 46.062085299617721 -32.652007318439516 46.577068191022519 -30.081487337927413
45.954678960410519 -32.894003186540978 46.009601153507646 -32.773525059777597 46.577068191022519 -30.081487337927413
45.89733930580168 -33.013392726964163 45.954678960410519 -32.894003186540978 46.577068191022519 -30.081487337927413
45.837603760267896 -33.131645116242012 45.89733930580168 -33.013392726964163 46.577068191022519 -30.081487337927413
45.775494871485243 -33.248712216382394 45.837603760267896 -33.131645116242012 46.577068191022519 -30.081487337927413
45.711036155796215 -33.36454633590111 45.775494871485243 -33.248712216382394 46.577068191022519 -30.081487337927413
45.644252089388743 -33.479100249351525 45.711036155796215 -33.36454633590111 46.577068191022519 -30.081487337927413
45.575168099080699 -33.592327216680459 45.644252089388743 -33.479100249351525 46.577068191022519 -30.081487337927413
45.503810552713063 -33.704181002402358 45.575168099080699 -33.592327216680459 46.577068191022519 -30.081487337927413
45.430206749155374 -33.814615894584129 45.503810552713063 -33.704181002402358 46.577068191022519 -30.081487337927413
45.354384907927262 -33.923586723632276 45.430206749155374 -33.814615894584129 46.577068191022519 -30.081487337927413
45.276374158439836 -34.031048880875083 45.354384907927262 -33.923586723632276 46.577068191022519 -30.081487337927413
45.196204528861067 -34.136958336931684 45.276374158439836 -34.031048880875083 46.577068191022519 -30.081487337927413
45.113906934609275 -34.241271659860629 45.196204528861067 -34.136958336931684 46.577068191022519 -30.081487337927413
45.029513166479155 -34.343946033080442 45.113906934609275 -34.241271659860629 46.577068191022519 -30.081487337927413
44.94305587840482 -34.444939273054359 45.029513166479155 -34.343946033080442 46.577068191022519 -30.081487337927413
44.854568574864537 -34.544209846732386 44.94305587840482 -34.444939273054359 46.577068191022519 -30.081487337927413
44.764085597931903 -34.641716888742891 44.854568574864537 -34.544209846732386 46.577068191022519 -30.081487337927413
44.671642113978535 -34.737420218326868 44.764085597931903 -34.641716888742891 46.577068191022519 -30.081487337927413
44.5772741000333 -34.831280356007717 44.671642113978535 -34.737420218326868 46.577068191022519 -30.081487337927413
44.481018329803348 -34.923258539989362 44.5772741000333 -34.831280356007717 46.577068191022519 -30.081487337927413
44.382912359362408 -35.013316742276118 44.481018329803348 -34.923258539989362 46.577068191022519 -30.081487337927413
44.282994512511735 -35.101417684507254 44.382912359362408 -35.013316742276118 46.577068191022519 -30.081487337927413
44.18130386581965 -35.187524853499774 44.282994512511735 -35.101417684507254 46.577068191022519 -30.081487337927413
44.18130386581965 -35.187524853499774 46.577068191022519 -30.081487337927413 44.077880233345091 -35.271602516492806
44.077880233345091 -35.271602516492806 46.577068191022519 -30.081487337927413 43.972764151051585 -35.353615736086994
43.972764151051585 -35.353615736086994 46.577068191022519 -30.081487337927413 43.865996860917349 -35.433530384872924
43.865996860917349 -35.433530384872924 46.577068191022519 -30.081487337927413 43.757620294747852 -35.511313159741988
43.757620294747852 -35.511313159741988 46.577068191022519 -30.081487337927413 43.647677057697315 -35.586931595873878
43.647677057697315 -35.586931595873878 46.577068191022519 -30.081487337927413 43.536210411505316 -35.66035408039469
43.536210411505316 -35.66035408039469 46.577068191022519 -30.081487337927413 43.423264257455386 -35.731549865699677
43.423264257455386 -35.731549865699677 46.577068191022519 -30.081487337927413 43.308883119062116 -35.800489082435234
43.308883119062116 -35.800489082435234 46.577068191022519 -30.081487337927413 43.193112124493624 -35.867142752134306
43.193112124493624 -35.867142752134306 46.577068191022519 -30.081487337927413 43.075996988736328 -35.931482799499875
43.075996988736328 -35.931482799499875 46.577068191022519 -30.081487337927413 42.957583995509147 -35.993482064331324
42.957583995509147 -35.993482064331324 46.577068191022519 -30.081487337927413 42.837919978934167 -36.05311431308845
42.837919978934167 -36.05311431308845 46.577068191022519 -30.081487337927413 42.717052304971034 -36.110354250088108
42.717052304971034 -36.110354250088108 46.577068191022519 -30.081487337927413 42.59502885262264 -36.165177528328762
42.59502885262264 -36.165177528328762 46.577068191022519 -30.081487337927413 42.471897994919232 -36.217560759938067
42.471897994919232 -36.217560759938067 46.577068191022519 -30.081487337927413 42.347708579688799 -36.267481526239067
42.347708579688799 -36.267481526239067 46.577068191022519 -30.081487337927413 42.222509910121317 -36.314918387430545
42.222509910121317 -36.314918387430545 46.577068191022519 -30.081487337927413 42.09635172513444 -36.359850891877251
42.09635172513444 -36.359850891877251 46.577068191022519 -30.081487337927413 41.96928417954873 -36.402259585005993
35.620387111434106 -35.182884275156127 35.725949626418895 -35.268157375887178 46.575596571557334 -29.923889803846208
35.725949626418895 -35.268157375887178 35.833173427461368 -35.351278269085306 46.575596571557334 -29.923889803846208
46.577068191022519 -30.081487337927413 41.583132744575437 -36.514163382323318 41.712623585157807 -36.479432754912871
41.583132744575437 -36.514163382323318 46.577068191022519 -30.081487337927413 41.452936918984001 -36.546302514652545
41.452936918984001 -36.546302514652545 46.577068191022519 -30.081487337927413 41.322088039234458 -36.575835802015689
36.164370037344106 -35.587408575773409 36.277793396892818 -35.661606052265988 46.575596571557334 -29.923889803846208
41.190638329578462 -36.602749936479327 46.577068191022519 -30.081487337927413 41.05864028673551 -36.627032658097129
46.577068191022519 -30.081487337927413 40.926146658835165 -36.648672760524313 41.05864028673551 -36.627032658097129
38.124248775360307 -36.48421841866903 38.254748048448555 -36.518759258850196 46.575596571557334 -29.923889803846208
46.577068191022519 -30.081487337927413 40.659884770275021 -36.683985581154133 40.793210424242389 -36.667660096208465
40.659884770275021 -36.683985581154133 46.575596571557334 -29.923889803846208 40.526223071821647 -36.697641199258911
40.526223071821647 -36.697641199258911 46.575596571557334 -29.923889803846208 40.392278869868591 -36.7086200062191
40.392278869868591 -36.7086200062191 46.575596571557334 -29.923889803846208 40.258105849944904 -36.716916133002769
46.575596571557334 -29.923889803846208 40.123757820493694 -36.722524788888663 40.258105849944904 -36.716916133002769
46.575596571557334 -29.923889803846208 39.98928869117892 -36.725442264069294 40.123757820493694 -36.722524788888663
39.720203147177166 -36.723194250210639 46.575596571557334 -29.923889803846208 39.585694861953954 -36.718026763425208
39.585694861953954 -36.718026763425208 46.575596571557334 -29.923889803846208 39.451281692096728 -36.710164102577956
46.575596571557334 -29.923889803846208 39.317017726328949 -36.699607986135973 39.451281692096728 -36.710164102577956
46.575596571557334 -29.923889803846208 39.182957023571952 -36.686361219881213 39.317017726328949 -36.699607986135973
46.575596571557334 -29.923889803846208 39.049153591046718 -36.670427696434004 39.182957023571952 -36.686361219881213
39.049153591046718 -36.670427696434004 46.575596571557334 -29.923889803846208 38.915661362382139 -36.651812394334485
38.915661362382139 -36.651812394334485 46.575596571557334 -29.923889803846208 38.782534175738427 -36.630521376682225
38.782534175738427 -36.630521376682225 46.575596571557334 -29.923889803846208 38.649825751954928 -36.606561789334158
46.575596571557334 -29.923889803846208 38.517589672730999 -36.579941858661208 38.649825751954928 -36.606561789334158
46.575596571557334 -29.923889803846208 38.385879358849017 -36.550670888864254 38.517589672730999 -36.579941858661208
46.575596571557334 -29.923889803846208 38.254748048448555 -36.518759258850196 38.385879358849017 -36.550670888864254
37.865357325394065 -36.407300239279934 46.575596571557334 -29.923889803846208 37.737070000656558 -36.364951117699718
37.737070000656558 -36.364951117699718 46.575596571557334 -29.923889803846208 37.609624374741976 -36.320029211029919
46.575596571557334 -29.923889803846208 37.483072137666788 -36.272551256317989 37.609624374741976 -36.320029211029919
46.575596571557334 -29.923889803846208 37.35746464689813 -36.222535031234777 37.483072137666788 -36.272551256317989
46.575596571557334 -29.923889803846208 37.232852906355056 -36.169999347480683 37.35746464689813 -36.222535031234777
36.745369985963492 -35.935074045943196 46.575596571557334 -29.923889803846208 36.626488228381248 -35.870258920489192
36.626488228381248 -35.870258920489192 46.575596571557334 -29.923889803846208 36.508899661601113 -35.803058498732476
46.575596571557334 -29.923889803846208 36.392652238766821 -35.733498610606759 36.508899661601113 -35.803058498732476
46.575596571557334 -29.923889803846208 36.277793396892818 -35.661606052265988 36.392652238766821 -35.733498610606759
36.052428506521885 -35.510934878395133 46.575596571557334 -29.923889803846208 35.942014576763007 -35.432214591502174
46.575596571557334 -29.923889803846208 35.833173427461368 -35.351278269085306 35.942014576763007 -35.432214591502174
35.620387111434106 -35.182884275156127 46.575596571557334 -29.923889803846208 35.516529172135783 -35.095492216026678
46.575596571557334 -29.923889803846208 35.414418432069532 -35.006015320531432 35.516529172135783 -35.095492216026678
46.575596571557334 -29.923889803846208 35.31409683104458 -34.914488570249517 35.414418432069532 -35.006015320531432
35.215605607748323 -34.820947792596797 46.575596571557334 -29.923889803846208 35.118985282635869 -34.725429646763175
46.575596571557334 -29.923889803846208 35.024275641101717 -34.627971609302527 35.118985282635869 -34.725429646763175
34.931515716940858 -34.528611959380953 46.575596571557334 -29.923889803846208 34.84074377610596 -34.427389763689142
34.84074377610596 -34.427389763689142 46.575596571557334 -29.923889803846208 34.751997300767812 -34.324344861024741
34.751997300767812 -34.324344861024741 46.575596571557334 -29.923889803846208 34.665312973685459 -34.219517846550978
34.665312973685459 -34.219517846550978 46.575596571557334 -29.923889803846208 34.580726662892864 -34.112950055737564
34.580726662892864 -34.112950055737564 46.575596571557334 -29.923889803846208 34.498273406708485 -34.004683547990425
34.498273406708485 -34.004683547990425 46.575596571557334 -29.923889803846208 34.417987399074072 -33.894761089976619
34.417987399074072 -33.894761089976619 46.575596571557334 -29.923889803846208 34.339901975229068 -33.783226138651202
34.339901975229068 -33.783226138651202 46.575596571557334 -29.923889803846208 34.264049597726498 -33.670122823992685
34.264049597726498 -33.670122823992685 46.575596571557334 -29.923889803846208 34.190461842796473 -33.555495931454004
34.190461842796473 -33.555495931454004 46.575596571557334 -29.923889803846208 34.119169387063053 -33.439390884136102
34.119169387063053 -33.439390884136102 46.575596571557334 -29.923889803846208 34.05020199462011 -33.321853724690989
34.05020199462011 -33.321853724690989 46.575596571557334 -29.923889803846208 33.983588504471797 -33.202931096961933
33.983588504471797 -33.202931096961933 46.575596571557334 -29.923889803846208 33.919356818342962 -33.082670227367672
33.919356818342962 -33.082670227367672 46.575596571557334 -29.923889803846208 33.857533888864722 -32.9611189060385
33.857533888864722 -32.9611189060385 46.575596571557334 -29.923889803846208 33.798145708140368 -32.838325467711556
33.798145708140368 -32.838325467711556 46.575596571557334 -29.923889803846208 33.741217296696384 -32.714338772393099
33.741217296696384 -32.714338772393099 46.575596571557334 -29.923889803846208 33.686772692823546 -32.589208185795556
33.686772692823546 -32.589208185795556 46.575596571557334 -29.923889803846208 33.634834942312544 -32.462983559557195
33.634834942312544 -32.462983559557195 46.575596571557334 -29.923889803846208 33.58542608858869 -32.335715211252349
33.58542608858869 -32.335715211252349 46.575596571557334 -29.923889803846208 33.538567163249972 -32.207453904200371
33.538567163249972 -32.207453904200371 46.575596571557334 -29.923889803846208 33.494278177012625 -32.078250827081348
33.494278177012625 -32.078250827081348 46.575596571557334 -29.923889803846208 33.452578111068078 -31.94815757336697
33.452578111068078 -31.94815757336697 46.575596571557334 -29.923889803846208 33.413484908855295 -31.817226120574691
33.413484908855295 -31.817226120574691 46.575596571557334 -29.923889803846208 33.377015468251848 -31.685508809353699
33.377015468251848 -31.685508809353699 46.575596571557334 -29.923889803846208 33.343185634187471 -31.553058322411221
33.343185634187471 -31.553058322411221 46.575596571557334 -29.923889803846208 33.312010191683214 -31.419927663287552
33.312010191683214 -31.419927663287552 46.575596571557334 -29.923889803846208 33.28350285931932 -31.286170134988549
33.28350285931932 -31.286170134988549 46.575596571557334 -29.923889803846208 33.257676283134884 -31.151839318484257
33.257676283134884 -31.151839318484257 46.575596571557334 -29.923889803846208 33.234542030961919 -31.016989051082351
33.234542030961919 -31.016989051082351 46.575596571557334 -29.923889803846208 33.214110587196508 -30.881673404685273
33.214110587196508 -30.881673404685273 46.575596571557334 -29.923889803846208 33.196391348009413 -30.745946663939829
33.196391348009413 -30.745946663939829 46.575596571557334 -29.923889803846208 33.181392616998423 -30.609863304288272
33.181392616998423 -30.609863304288272 46.575596571557334 -29.923889803846208 33.16912160128436 -30.473477969929693
33.16912160128436 -30.473477969929693 46.575596571557334 -29.923889803846208 33.159584408052815 -30.336845451700764
33.159584408052815 -30.336845451700764 46.575596571557334 -29.923889803846208 33.152786041543052 -30.200020664884978
33.152786041543052 -30.200020664884978 46.575596571557334 -29.923889803846208 33.148730400485881 -30.063058626959204
33.148730400485881 -30.063058626959204 46.575596571557334 -29.923889803846208 33.147020885944627 -29.892036732051281
33.147020885944627 -29.892036732051281 46.571640177694015 -29.523889803846203 33.145607206607735 -29.692036732051278
33.145607206607735 -29.692036732051278 46.571640177694015 -29.523889803846203 33.144199197547984 -29.492036732051275
33.144199197547984 -29.492036732051275 46.567679198883773 -29.123889803846197 33.142796881293478 -29.292036732051272
33.142796881293478 -29.292036732051272 46.567679198883773 -29.123889803846197 33.141400280281253 -29.09203673205127
33.141400280281253 -29.09203673205127 46.563713888627909 -28.723889803846191 33.140009416856898 -28.892036732051267
33.140009416856898 -28.892036732051267 46.563713888627909 -28.723889803846191 33.138624313274185 -28.692036732051264
33.138624313274185 -28.692036732051264 46.559744500704916 -28.323889803846185 33.137244991694757 -28.492036732051261
33.137244991694757 -28.492036732051261 46.559744500704916 -28.323889803846185 33.135871474187724 -28.292036732051258
33.135871474187724 -28.292036732051258 46.555771289154279 -27.92388980384618 33.134503782729332 -28.092036732051255
33.134503782729332 -28.092036732051255 46.555771289154279 -27.92388980384618 33.133141939202616 -27.892036732051253
33.133141939202616 -27.892036732051253 46.555771289154279 -27.92388980384618 33.13178596539705 -27.69203673205125
33.13178596539705 -27.69203673205125 46.549804858836026 -27.323889803846171 33.130435883008182 -27.492036732051247
33.130435883008182 -27.492036732051247 46.549804858836026 -27.323889803846171 33.129091713637301 -27.292036732051244
33.129091713637301 -27.292036732051244 46.549804858836026 -27.323889803846171 33.127753478791092 -27.092036732051241
33.127753478791092 -27.092036732051241 46.543831256704159 -26.723889803846163 33.126421199881278 -26.892036732051238
33.126421199881278 -26.892036732051238 46.543831256704159 -26.723889803846163 33.125094898224305 -26.692036732051236
33.125094898224305 -26.692036732051236 46.543831256704159 -26.723889803846163 33.123774595040949 -26.492036732051233
33.123774595040949 -26.492036732051233 46.537851342947071 -26.123889803846154 33.122460311456052 -26.29203673205123
33.122460311456052 -26.29203673205123 46.537851342947071 -26.123889803846154 33.12115206849812 -26.092036732051227
33.12115206849812 -26.092036732051227 46.537851342947071 -26.123889803846154 33.119849887099008 -25.892036732051224
33.119849887099008 -25.892036732051224 46.529869794952262 -25.323889803846143 33.118553788093593 -25.692036732051221
33.118553788093593 -25.692036732051221 46.529869794952262 -25.323889803846143 33.117263792219433 -25.492036732051218
33.117263792219433 -25.492036732051218 46.529869794952262 -25.323889803846143 33.115979920116423 -25.292036732051216
33.115979920116423 -25.292036732051216 46.529869794952262 -25.323889803846143 33.114702192326511 -25.092036732051213
33.114702192326511 -25.092036732051213 46.529869794952262 -25.323889803846143 33.113430629293298 -24.89203673205121
33.113430629293298 -24.89203673205121 46.519882346697152 -24.323889803846129 33.112165251361766 -24.692036732051207
33.112165251361766 -24.692036732051207 46.519882346697152 -24.323889803846129 33.110906078777937 -24.492036732051204
33.110906078777937 -24.492036732051204 46.519882346697152 -24.323889803846129 33.109653131688553 -24.292036732051201
33.109653131688553 -24.292036732051201 46.519882346697152 -24.323889803846129 33.108406430140732 -24.092036732051199
33.108406430140732 -24.092036732051199 46.519882346697152 -24.323889803846129 33.107165994081676 -23.892036732051196
33.107165994081676 -23.892036732051196 46.519882346697152 -24.323889803846129 33.105931843358334 -23.692036732051193
33.105931843358334 -23.692036732051193 46.519882346697152 -24.323889803846129 33.104703997717088 -23.49203673205119
33.104703997717088 -23.49203673205119 46.519882346697152 -24.323889803846129 33.10348247680345 -23.292036732051187
33.10348247680345 -23.292036732051187 46.519882346697152 -24.323889803846129 33.102267300161721 -23.092036732051184
33.102267300161721 -23.092036732051184 46.519882346697152 -24.323889803846129 33.101058487234702 -22.892036732051182
33.101058487234702 -22.892036732051182 46.519882346697152 -24.323889803846129 33.099856057363382 -22.692036732051179
33.099856057363382 -22.692036732051179 46.519882346697152 -24.323889803846129 33.098660029786608 -22.492036732051176
33.098660029786608 -22.492036732051176 46.481891551229836 -20.523889803846075 33.097470423640793 -22.292036732051173
33.097470423640793 -22.292036732051173 46.481891551229836 -20.523889803846075 33.096287257959609 -22.09203673205117
33.096287257959609 -22.09203673205117 46.481891551229836 -20.523889803846075 33.095110551673692 -21.892036732051167
33.095110551673692 -21.892036732051167 46.481891551229836 -20.523889803846075 33.093940323610305 -21.692036732051164
33.093940323610305 -21.692036732051164 46.481891551229836 -20.523889803846075 33.092776592493081 -21.492036732051162
33.092776592493081 -21.492036732051162 46.481891551229836 -20.523889803846075 33.091619376941694 -21.292036732051159
33.091619376941694 -21.292036732051159 46.481891551229836 -20.523889803846075 33.090468695471557 -21.092036732051156
33.090468695471557 -21.092036732051156 46.481891551229836 -20.523889803846075 33.089324566493559 -20.892036732051153
33.089324566493559 -20.892036732051153 46.481891551229836 -20.523889803846075 33.088187008313731 -20.69203673205115
33.085931677046808 -20.292036732051145 33.087056039132989 -20.492036732051147 46.481891551229836 -20.523889803846075
46.402516002125701 -12.523889803845961 33.04913059800375 -12.892036732051039 46.406442318167976 -12.923889803845967
33.083702846011221 -19.892036732051139 33.084813940044967 -20.092036732051142 46.471902399485167 -19.52388980384606
46.398595925026015 -12.123889803845955 33.047415918959018 -12.492036732051034 46.402516002125701 -12.523889803845961
46.394682337752513 -11.72388980384595 33.045730205140991 -12.092036732051028 46.398595925026015 -12.123889803845955
33.080409598960273 -19.29203673205113 33.081500657851393 -19.492036732051133 46.471902399485167 -19.52388980384606
46.39077549077345 -11.323889803845944 33.044073564434775 -11.692036732051022 46.394682337752513 -11.72388980384595
33.080409598960273 -19.29203673205113 46.463918978281498 -18.723889803846049 33.079325253506617 -19.092036732051128
33.079325253506617 -19.092036732051128 46.463918978281498 -18.723889803846049 33.078247638839933 -18.892036732051125
33.078247638839933 -18.892036732051125 46.463918978281498 -18.723889803846049 33.077176772202023 -18.692036732051122
33.077176772202023 -18.692036732051122 46.463918978281498 -18.723889803846049 33.076112670726744 -18.492036732051119
46.382983017398743 -10.523889803845933 33.040059848721484 -10.692036732051008 46.384928405190692 -10.723889803845935
46.381039501876025 -10.32388980384593 33.039279131887476 -10.492036732051005 46.382983017398743 -10.523889803845933
33.071924255334537 -17.692036732051108 33.07296112698981 -17.89203673205111 46.451961803024766 -17.523889803846032
46.379097889718736 -10.123889803845927 33.038505786577531 -10.292036732051002 46.381039501876025 -10.32388980384593
46.377158211992636 -9.923889803845924 33.037739825165154 -10.092036732051 46.379097889718736 -10.123889803845927
46.375220499732521 -9.7238898038459212 33.036221467635954 -9.8592512242315742 46.377158211992636 -9.923889803845924
46.373284783941749 -9.5238898038459183 33.036221467635954 -9.8592512242315742 46.375220499732521 -9.7238898038459212
46.371351095591727 -9.3238898038459155 33.030048721601496 -9.5985954541957774 46.373284783941749 -9.5238898038459183
33.065847431622863 -16.492036732051091 33.066842963057319 -16.692036732051093 46.442018334281734 -16.523889803846018
46.369419465621434 -9.1238898038459126 33.030048721601496 -9.5985954541957774 46.371351095591727 -9.3238898038459155
46.367489924936905 -8.9238898038459098 33.018672465654475 -9.3381298938936315 46.369419465621434 -9.1238898038459126
46.365562504410754 -8.723889803845907 33.018672465654475 -9.3381298938936315 46.367489924936905 -8.9238898038459098
46.363637234881658 -8.5238898038459041 33.002097838304763 -9.07795825618871 46.365562504410754 -8.723889803845907
46.361714147153897 -8.3238898038459013 33.002097838304763 -9.07795825618871 46.363637234881658 -8.5238898038459041
46.359793271996836 -8.1238898038458984 32.980332041730641 -8.818184124370493 46.361714147153897 -8.3238898038459013
46.357874640144423 -7.9238898038458947 32.980332041730641 -8.818184124370493 46.359793271996836 -8.1238898038458984
46.355958282294743 -7.7238898038458919 32.953384338646366 -8.5589109111669028 46.357874640144423 -7.9238898038458947
46.354044229109469 -7.523889803845889 32.953384338646366 -8.5589109111669028 46.355958282294743 -7.7238898038458919
46.352132511213419 -7.3238898038458862 32.921266048357403 -8.3002418178304556 46.354044229109469 -7.523889803845889
46.350223159194037 -7.1238898038458833 32.921266048357403 -8.3002418178304556 46.352132511213419 -7.3238898038458862
46.348316203600909 -6.9238898038458805 32.883990542004909 -8.0422797933140764 46.350223159194037 -7.1238898038458833
46.344509603699592 -6.5238898038458748 32.841573237001555 -7.78512749355263 46.346411674945287 -6.7238898038458776
46.342610020296917 -6.323889803845872 32.841573237001555 -7.78512749355263 46.344509603699592 -6.5238898038458748
46.340712955130563 -6.1238898038458691 32.794031590660978 -7.5288872408661245 46.342610020296917 -6.323889803845872
46.338818438553524 -5.9238898038458663 32.794031590660978 -7.5288872408661245 46.340712955130563 -6.1238898038458691
46.336926500878036 -5.7238898038458634 32.741385093023574 -7.2736609835005233 46.338818438553524 -5.9238898038458663
46.335037172375053 -5.5238898038458606 32.741385093023574 -7.2736609835005233 46.336926500878036 -5.7238898038458634
46.333150483273791 -5.3238898038458577 32.68365525888143 -7.0195502553220495 46.335037172375053 -5.5238898038458606
46.329385143981661 -4.9238898038458521 32.620865619005919 -6.7666561356807637 46.331266463761239 -5.1238898038458549
46.327506554036148 -4.7238898038458492 32.620865619005919 -6.7666561356807637 46.329385143981661 -4.9238898038458521
46.325630723982087 -4.5238898038458464 32.553041710581226 -6.5150792094591861 46.327506554036148 -4.7238898038458492
46.321887463556656 -4.1238898038458407 32.480211066847978 -6.2649195273216192 46.323757683832724 -4.3238898038458435
46.320020093077375 -3.9238898038458383 32.480211066847978 -6.2649195273216192 46.321887463556656 -4.1238898038458407
46.318155602272761 -3.7238898038458355 32.402403205961015 -6.0162765661797319 46.320020093077375 -3.9238898038458383
46.314435378968255 -3.3238898038458298 32.319649619065835 -5.7692491898899387 46.316294020974638 -3.5238898038458326
46.312579705991851 -3.1238898038458269 32.319649619065835 -5.7692491898899387 46.314435378968255 -3.3238898038458298
46.308877385843914 -2.7238898038458212 32.231983757598563 -5.523935610197924 46.310727031736157 -2.9238898038458241
46.305187297478042 -2.3238898038458156 32.139441019814505 -5.2804333479456806 46.30703079790942 -2.5238898038458184
46.303346914045747 -2.1238898038458127 32.042058736550736 -5.0388391945561866 46.305187297478042 -2.3238898038458156
46.299675615912456 -1.723889803845807 31.939876156228408 -4.7992491738108605 46.301509677058633 -1.9238898038458099
46.296017138471363 -1.3238898038458013 31.832934429100824 -4.5617585039347519 46.297844759952142 -1.5238898038458042
33.038505786577531 -10.292036732051002 46.379097889718736 -10.123889803845927 33.037739825165154 -10.092036732051
33.037739825165154 -10.092036732051 46.377158211992636 -9.923889803845924 33.036221467635954 -9.8592512242315742
33.036221467635954 -9.8592512242315742 46.373284783941749 -9.5238898038459183 33.030048721601496 -9.5985954541957774
33.030048721601496 -9.5985954541957774 46.369419465621434 -9.1238898038459126 33.018672465654475 -9.3381298938936315
33.018672465654475 -9.3381298938936315 46.365562504410754 -8.723889803845907 33.002097838304763 -9.07795825618871
33.002097838304763 -9.07795825618871 46.361714147153897 -8.3238898038459013 32.980332041730641 -8.818184124370493
32.980332041730641 -8.818184124370493 46.357874640144423 -7.9238898038458947 32.953384338646366 -8.5589109111669028
32.953384338646366 -8.5589109111669028 46.354044229109469 -7.523889803845889 32.921266048357403 -8.3002418178304556
32.921266048357403 -8.3002418178304556 46.350223159194037 -7.1238898038458833 32.883990542004909 -8.0422797933140764
32.883990542004909 -8.0422797933140764 46.346411674945287 -6.7238898038458776 32.841573237001555 -7.78512749355263
32.841573237001555 -7.78512749355263 46.342610020296917 -6.323889803845872 32.794031590660978 -7.5288872408661245
32.794031590660978 -7.5288872408661245 46.338818438553524 -5.9238898038458663 32.741385093023574 -7.2736609835005233
32.741385093023574 -7.2736609835005233 46.335037172375053 -5.5238898038458606 32.68365525888143 -7.0195502553220495
32.68365525888143 -7.0195502553220495 46.331266463761239 -5.1238898038458549 32.620865619005919 -6.7666561356807637
32.620865619005919 -6.7666561356807637 46.327506554036148 -4.7238898038458492 32.553041710581226 -6.5150792094591861
32.553041710581226 -6.5150792094591861 46.323757683832724 -4.3238898038458435 32.480211066847978 -6.2649195273216192
32.480211066847978 -6.2649195273216192 46.320020093077375 -3.9238898038458383 32.402403205961015 -6.0162765661797319
32.402403205961015 -6.0162765661797319 46.316294020974638 -3.5238898038458326 32.319649619065835 -5.7692491898899387
32.319649619065835 -5.7692491898899387 46.312579705991851 -3.1238898038458269 32.231983757598563 -5.523935610197924
32.231983757598563 -5.523935610197924 46.308877385843914 -2.7238898038458212 32.139441019814505 -5.2804333479456806
32.139441019814505 -5.2804333479456806 46.305187297478042 -2.3238898038458156 32.042058736550736 -5.0388391945561866
32.042058736550736 -5.0388391945561866 46.301509677058633 -1.9238898038458099 31.939876156228408 -4.7992491738108605
31.939876156228408 -4.7992491738108605 46.297844759952142 -1.5238898038458042 31.832934429100824 -4.5617585039347519
31.832934429100824 -4.5617585039347519 46.294192780712017 -1.1238898038457985 31.721276590753515 -4.3264615600042715
31.721276590753515 -4.3264615600042715 46.290553973063673 -0.72388980384579282 31.604947544862966 -4.0934518366922497
31.604947544862966 -4.0934518366922497 46.286928569889568 -0.32388980384578714 31.483994045220879 -3.862821911364831
31.483994045220879 -3.862821911364831 46.283316803214255 0.07611019615421856 31.358464677031066 -3.634663407544692
31.358464677031066 -3.634663407544692 46.279718904189579 0.47611019615422423 31.228409837486524 -3.4090669587548792
31.228409837486524 -3.4090669587548792 46.274348560954365 1.0761101961542328 31.093881715634325 -3.1861221727573721
31.093881715634325 -3.1861221727573721 46.27078633648491 1.4761101961542384 30.954934271536402 -2.9659175962004234
30.954934271536402 -2.9659175962004234 46.267238781611688 1.8761101961542441 30.811623214734485 -2.7485406796884249
30.811623214734485 -2.7485406796884249 46.263706123376991 2.2761101961542498 30.664005982027689 -2.534077743288023
30.664005982027689 -2.534077743288023 46.260188587869742 2.6761101961542555 30.512141714571708 -2.3226139424839602
30.512141714571708 -2.3226139424839602 46.256686400211009 3.0761101961542612 30.35609123430849 -2.1142332345978874
30.35609123430849 -2.1142332345978874 46.253199784539618 3.4761101961542669 30.195917019735983 -1.9090183456833771
30.195917019735983 -1.9090183456833771 46.247999546356354 4.0761101961542758 30.031683181027315 -1.7070507379099791
30.031683181027315 -1.7070507379099791 46.244552834685287 4.4761101961542815 29.863455434509437 -1.508410577449119
29.863455434509437 -1.508410577449119 46.241122471545602 4.8761101961542872 29.691301076511216 -1.3131767028743702
29.691301076511216 -1.3131767028743702 46.239812046409561 5.1047310827086854 29.515288956591402 -1.1214265940884269
29.515288956591402 -1.1214265940884269 46.242954311245079 5.3799426153519265 29.335489450156985 -0.93323634178894643
29.335489450156985 -0.93323634178894643 46.25160528533133 5.655070138260446 29.151974430482841 -0.74868061748515169
29.151974430482841 -0.74868061748515169 46.265762885492414 5.9300032995183836 28.964817240143645 -0.56783264407691991
28.964817240143645 -0.56783264407691991 46.285422816074401 6.2046317960435813 28.774092661869378 -0.390764167007843
28.774092661869378 -0.390764167007843 46.31057857003772 6.4788454179878334 28.579876888835969 -0.21754542600349458
28.579876888835969 -0.21754542600349458 46.34122143094163 6.7525340931137974 28.382247494402677 -0.0482451274059712
28.382247494402677 -0.0482451274059712 46.377340475820027 7.0255879311305609 28.181283401308313 0.11706958288452407
28.181283401308313 0.11706958288452407 46.418922578948099 7.2978972679698781 27.977064850338341 0.2783331458505045
27.977064850338341 0.2783331458505045 46.465952416498283 7.5693527099852922 27.769673368475225 0.43548161517007467
27.769673368475225 0.43548161517007467 46.518412472084222 7.8398451780561018 27.559191736544641 0.588452682391857
27.559191736544641 0.588452682391857 46.576283043190664 8.109265951578422 27.345703956370233 0.7371857014620864
27.345703956370233 0.7371857014620864 46.639542248487018 8.3775067123255056 27.129295217449897 0.88162171259435329
27.129295217449897 0.88162171259435329 46.708166036022028 8.6444595881594317 26.910051863166714 1.0217034654726715
26.910051863166714 1.0217034654726715 46.782128192296426 8.9100171965766428 26.688061356547813 1.1573754417788327
26.688061356547813 1.1573754417788327 46.86140035221031 9.1740726880694492 26.463412245584713 1.2885838770352804
26.463412245584713 1.2885838770352804 46.945952009881537 9.4365197892860717 26.23619412812867 1.415276781754967
26.23619412812867 1.415276781754967 47.035750530330901 9.6972528459716312 26.006497616375029 1.5374039618899848
26.006497616375029 1.5374039618899848 47.130761162029948 9.9561668656726034 25.774414300950383 1.654917038570991
25.774414300950383 1.654917038570991 47.230947050306426 10.213157560187513 25.540036714616761 1.7677694671297361
25.540036714616761 1.7677694671297361 47.336269251602296 10.468121387746457 25.303458295607083 1.8759165553973194
25.303458295607083 1.8759165553973194 47.446686748578941 10.720955594902437 25.064773350606384 1.9793154812710028
25.064773350606384 1.9793154812710028 47.562156466063655 10.971558258117405 24.824077017393218 2.0779253095427959
24.824077017393218 2.0779253095427959 47.682633287831258 11.219828325026056 24.581465227156066 2.1717070079832479
24.581465227156066 2.1717070079832479 47.808070074214342 11.465665655360672 24.337034666499505 2.2606234626741646
24.337034666499505 2.2606234626741646 47.938417680535395 11.70897106152022 24.090882739155056 2.3446394925843448
24.090882739155056 2.3446394925843448 48.073624976353464 11.949646348767292 23.843107527411789 2.4237218633826187
23.843107527411789 2.4237218633826187 48.213638865518035 12.187594355036435 23.593807753281858 2.4978393004828545
23.593807753281858 2.4978393004828545 48.213638865518035 12.187594355036435 23.343082739416147 2.5669625013158659
23.343082739416147 2.5669625013158659 48.35840430702212 12.422718990337607 23.091032369785463 2.6310641468234226
48.507864336646492 12.654925275738796 22.837757050142695 2.6901189121699565 23.091032369785463 2.6310641468234226
48.661960089386547 12.884119381911692 22.583357668281458 2.7441034766677683 22.837757050142695 2.6901189121699565
48.820630822653008 13.110208667224969 22.327935554106812 2.7929965329119106 22.583357668281458 2.7441034766677683
48.983813940237262 13.333101715369239 22.071592439533788 2.8367787951211931 22.327935554106812 2.7929965329119106
51.70293776135324 16.070031122340311 51.925116473815244 16.234952983307551 11.999999999999988 3.0018042652196311
49.151445017031968 13.552708372498635 21.814430418229435 2.8754330066821017 22.071592439533788 2.8367787951211931
49.323457824497204 13.768939783873583 21.556551905214157 2.908943946892705 21.814430418229435 2.8754330066821017
49.499784356861923 13.981708429989983 21.298059596338312 2.9372984369039354 21.556551905214157 2.908943946892705
49.680354858050656 14.190928162179809 21.039056427649836 2.9604853448559836 21.298059596338312 2.9372984369039354
49.865097849324478 14.396514237668672 20.779645534668941 2.9784955902077885 21.039056427649836 2.9604853448559836
51.925116473815244 16.234952983307551 52.150576300596164 16.395411246881679 10.199999999999994 3.003654510241593
50.053940157625519 14.598383354075963 20.519930211585876 2.9913221472580145 20.779645534668941 2.9784955902077885
50.246806944613631 14.796453683343366 20.260013870397653 2.998960047856122 20.519930211585876 2.9913221472580145
50.443621736383861 14.990644905077904 19.999999999999961 3.001406383302538 20.260013870397653 2.998960047856122
52.150576300596164 16.395411246881679 52.379227491244563 16.551340558904464 8.4000000000000004 3.0061479495487982
19.999999999999961 3.001406383302538 50.64430645385265 15.180878239295787 19.799999999999962 3.0012604708574511
19.799999999999962 3.0012604708574511 50.64430645385265 15.180878239295787 19.599999999999962 3.0011225382341902
19.599999999999962 3.0011225382341902 50.64430645385265 15.180878239295787 19.399999999999963 3.0009925876396752
19.399999999999963 3.0009925876396752 50.64430645385265 15.180878239295787 19.199999999999964 3.0008706211531124
19.199999999999964 3.0008706211531124 50.64430645385265 15.180878239295787 18.999999999999964 3.0007566407259634
18.999999999999964 3.0007566407259634 50.848781443800931 15.367076478553571 18.799999999999965 3.000650648181912
18.799999999999965 3.000650648181912 50.848781443800931 15.367076478553571 18.599999999999966 3.0005526452168367
18.599999999999966 3.0005526452168367 50.848781443800931 15.367076478553571 18.399999999999967 3.0004626333987834
18.399999999999967 3.0004626333987834 50.848781443800931 15.367076478553571 18.199999999999967 3.0003806141679386
18.199999999999967 3.0003806141679386 50.848781443800931 15.367076478553571 17.999999999999968 3.0003065888366089
17.999999999999968 3.0003065888366089 50.848781443800931 15.367076478553571 17.799999999999969 3.0002405585891974
17.799999999999969 3.0002405585891974 51.056965510561639 15.549164019453571 17.599999999999969 3.0001825244821871
17.599999999999969 3.0001825244821871 51.056965510561639 15.549164019453571 17.39999999999997 3.0001324874441222
17.39999999999997 3.0001324874441222 51.056965510561639 15.549164019453571 17.199999999999971 3.0000904482755946
17.199999999999971 3.0000904482755946 51.056965510561639 15.549164019453571 16.999999999999972 3.0000564076492298
16.999999999999972 3.0000564076492298 51.056965510561639 15.549164019453571 16.799999999999972 3.000030366109677
16.799999999999972 3.000030366109677 51.056965510561639 15.549164019453571 16.599999999999973 3.0000123240736003
16.599999999999973 3.0000123240736003 51.056965510561639 15.549164019453571 16.399999999999974 3.0000022818296723
16.399999999999974 3.0000022818296723 51.268775948339055 15.727066893510353 16.199999999999974 3.0000002395385685
16.199999999999974 3.0000002395385685 51.268775948339055 15.727066893510353 15.999999999999973 3.000006197232965
15.999999999999973 3.000006197232965 51.268775948339055 15.727066893510353 15.799999999999974 3.0000201548175398
15.799999999999974 3.0000201548175398 51.268775948339055 15.727066893510353 15.599999999999975 3.0000421120689711
15.599999999999975 3.0000421120689711 51.268775948339055 15.727066893510353 15.399999999999975 3.0000720686359434
15.399999999999975 3.0000720686359434 51.268775948339055 15.727066893510353 15.199999999999976 3.0001100240391523
15.199999999999976 3.0001100240391523 51.268775948339055 15.727066893510353 14.999999999999977 3.0001559776713123
14.999999999999977 3.0001559776713123 51.484128574147071 15.900712797365818 14.799999999999978 3.0002099287971662
14.799999999999978 3.0002099287971662 51.484128574147071 15.900712797365818 14.599999999999978 3.0002718765534975
14.599999999999978 3.0002718765534975 51.484128574147071 15.900712797365818 14.399999999999979 3.000341819949143
14.399999999999979 3.000341819949143 51.484128574147071 15.900712797365818 14.19999999999998 3.0004197578650098
14.19999999999998 3.0004197578650098 51.484128574147071 15.900712797365818 13.99999999999998 3.0005056890540929
13.99999999999998 3.0005056890540929 51.484128574147071 15.900712797365818 13.799999999999981 3.0005996121414955
13.799999999999981 3.0005996121414955 51.484128574147071 15.900712797365818 13.599999999999982 3.00070152562445
13.599999999999982 3.00070152562445 51.70293776135324 16.070031122340311 13.399999999999983 3.0008114278723426
13.399999999999983 3.0008114278723426 51.70293776135324 16.070031122340311 13.199999999999983 3.0009293171267402
13.199999999999983 3.0009293171267402 51.70293776135324 16.070031122340311 12.999999999999984 3.0010551915014165
12.999999999999984 3.0010551915014165 51.70293776135324 16.070031122340311 12.799999999999985 3.0011890489823849
12.799999999999985 3.0011890489823849 51.70293776135324 16.070031122340311 12.599999999999985 3.0013308874279283
12.599999999999985 3.0013308874279283 51.70293776135324 16.070031122340311 12.399999999999986 3.0014807045686345
12.399999999999986 3.0014807045686345 51.70293776135324 16.070031122340311 12.199999999999987 3.0016384980074324
12.199999999999987 3.0016384980074324 51.70293776135324 16.070031122340311 11.999999999999988 3.0018042652196311
11.999999999999988 3.0018042652196311 51.925116473815244 16.234952983307551 11.799999999999988 3.0019780035529573
11.799999999999988 3.0019780035529573 51.925116473815244 16.234952983307551 11.599999999999989 3.0021597102276028
11.599999999999989 3.0021597102276028 51.925116473815244 16.234952983307551 11.39999999999999 3.0023493823362637
11.39999999999999 3.0023493823362637 51.925116473815244 16.234952983307551 11.19999999999999 3.0025470168441908
11.19999999999999 3.0025470168441908 51.925116473815244 16.234952983307551 10.999999999999991 3.0027526105892361
10.999999999999991 3.0027526105892361 51.925116473815244 16.234952983307551 10.799999999999992 3.002966160281904
10.799999999999992 3.002966160281904 51.925116473815244 16.234952983307551 10.599999999999993 3.0031876625054039
10.599999999999993 3.0031876625054039 51.925116473815244 16.234952983307551 10.399999999999993 3.0034171137157051
10.399999999999993 3.0034171137157051 51.925116473815244 16.234952983307551 10.199999999999994 3.003654510241593
10.199999999999994 3.003654510241593 52.150576300596164 16.395411246881679 9.9999999999999947 3.0038998482847288
9.9999999999999947 3.0038998482847288 52.150576300596164 16.395411246881679 9.7999999999999954 3.0041531239197083
9.7999999999999954 3.0041531239197083 52.150576300596164 16.395411246881679 9.5999999999999961 3.0044143330941271
9.5999999999999961 3.0044143330941271 52.150576300596164 16.395411246881679 9.3999999999999968 3.0046834716286437
9.3999999999999968 3.0046834716286437 52.150576300596164 16.395411246881679 9.1999999999999975 3.0049605352170472
9.1999999999999975 3.0049605352170472 52.150576300596164 16.395411246881679 8.9999999999999982 3.0052455194263272
8.9999999999999982 3.0052455194263272 52.150576300596164 16.395411246881679 8.7999999999999989 3.005538419696741
8.7999999999999989 3.005538419696741 52.150576300596164 16.395411246881679 8.5999999999999996 3.0058392313418913
8.5999999999999996 3.0058392313418913 52.150576300596164 16.395411246881679 8.4000000000000004 3.0061479495487982
8.4000000000000004 3.0061479495487982 52.379227491244563 16.551340558904464 8.2000000000000011 3.0064645693779766
8.2000000000000011 3.0064645693779766 52.379227491244563 16.551340558904464 8.0000000000000018 3.0067890857635162
8.0000000000000018 3.0067890857635162 52.379227491244563 16.551340558904464 7.8000000000000025 3.007121493513162
7.8000000000000025 3.007121493513162 52.379227491244563 16.551340558904464 7.6000000000000023 3.0074617873083969
7.6000000000000023 3.0074617873083969 52.379227491244563 16.551340558904464 7.4000000000000021 3.0078099617045271
7.4000000000000021 3.0078099617045271 52.379227491244563 16.551340558904464 7.200000000000002 3.0081660111307702
7.200000000000002 3.0081660111307702 52.379227491244563 16.551340558904464 7.0000000000000018 3.0085299298903423
7.0000000000000018 3.0085299298903423 52.379227491244563 16.551340558904464 6.8000000000000016 3.0089017121605517
6.8000000000000016 3.0089017121605517 52.379227491244563 16.551340558904464 6.6000000000000014 3.00928135199289
6.6000000000000014 3.00928135199289 52.610978991625473 16.702677371221672 6.4000000000000012 3.0096688433131278
6.4000000000000012 3.0096688433131278 52.610978991625473 16.702677371221672 6.2210975986381136 3.0100224766557986
6.2210975986381136 3.0100224766557986 7.0841026843231063 1.0973490334226774 6.9158745286068166 2.7958037114906684
5.1705234989751148 3.0122234995317978 7.0841026843231063 1.0973490334226774 6.2210975986381136 3.0100224766557986
6.2210975986381136 3.0100224766557986 52.610978991625473 16.702677371221672 5.1705234989751148 3.0122234995317978
5.1705234989751148 3.0122234995317978 52.610978991625473 16.702677371221672 5 3.0126005876251769
5 3.0126005876251769 52.610978991625473 16.702677371221672 4.7999999999999998 3.0130506571228586
4.7999999999999998 3.0130506571228586 52.610978991625473 16.702677371221672 4.5999999999999996 3.0135085177996386
4.5999999999999996 3.0135085177996386 52.845738480287721 16.849359967737254 4.3999999999999995 3.0139741623297551
4.3999999999999995 3.0139741623297551 52.845738480287721 16.849359967737254 4.1999999999999993 3.0144475832629056
4.1999999999999993 3.0144475832629056 52.845738480287721 16.849359967737254 3.9999999999999996 3.0149287730243657
3.9999999999999996 3.0149287730243657 52.845738480287721 16.849359967737254 3.7999999999999994 3.015417723915109
3.7999999999999994 3.015417723915109 52.845738480287721 16.849359967737254 3.5999999999999992 3.0159144281119321
3.5999999999999992 3.0159144281119321 52.845738480287721 16.849359967737254 3.399999999999999 3.0164188776675784
3.399999999999999 3.0164188776675784 52.845738480287721 16.849359967737254 3.1999999999999988 3.0169310645108651
3.1999999999999988 3.0169310645108651 52.845738480287721 16.849359967737254 2.9999999999999987 3.0174509804468146
2.9999999999999987 3.0174509804468146 52.845738480287721 16.849359967737254 2.7999999999999985 3.0179786171567828
2.7999999999999985 3.0179786171567828 52.845738480287721 16.849359967737254 2.5999999999999983 3.0185139661985927
2.5999999999999983 3.0185139661985927 52.845738480287721 16.849359967737254 2.3999999999999981 3.0190570190066723
2.3999999999999981 3.0190570190066723 53.083412405353165 16.991328489734705 2.199999999999998 3.0196077668921872
2.199999999999998 3.0196077668921872 53.083412405353165 16.991328489734705 1.999999999999998 3.020166201043184
1.999999999999998 3.020166201043184 53.083412405353165 16.991328489734705 1.799999999999998 3.0207323125247272
1.799999999999998 3.0207323125247272 53.083412405353165 16.991328489734705 1.5999999999999981 3.0213060922790458
1.5999999999999981 3.0213060922790458 53.083412405353165 16.991328489734705 1.3999999999999981 3.0218875311256759
1.3999999999999981 3.0218875311256759 53.083412405353165 16.991328489734705 1.1999999999999982 3.0224766197616084
1.1999999999999982 3.0224766197616084 53.083412405353165 16.991328489734705 0.99999999999999822 3.0230733487614372
0.99999999999999822 3.0230733487614372 53.083412405353165 16.991328489734705 0.79999999999999827 3.0236777085775115
0.79999999999999827 3.0236777085775115 53.083412405353165 16.991328489734705 0.5999999999999982 3.0242896895400873
0.5999999999999982 3.0242896895400873 53.083412405353165 16.991328489734705 0.39999999999999813 3.0249092818574814
0.39999999999999813 3.0249092818574814 53.083412405353165 16.991328489734705 0.19999999999999815 3.0255364756162311
0.19999999999999815 3.0255364756162311 53.083412405353165 16.991328489734705 -1.8686130481471662e-15 3.0261712607812488
-1.8686130481471662e-15 3.0261712607812488 53.323906021913118 17.128524960455149 -0.20000000000000187 3.0268136271959856
-0.20000000000000187 3.0268136271959856 53.323906021913118 17.128524960455149 -0.40000000000000191 3.0274635645825927
-0.40000000000000191 3.0274635645825927 53.323906021913118 17.128524960455149 -0.60000000000000187 3.0281210625420858
-0.60000000000000187 3.0281210625420858 53.323906021913118 17.128524960455149 -0.80000000000000182 3.0287861105545111
-0.80000000000000182 3.0287861105545111 53.323906021913118 17.128524960455149 -1.0000000000000018 3.0294586979791154
-1.0000000000000018 3.0294586979791154 53.323906021913118 17.128524960455149 -1.2000000000000017 3.0301388140545136
-1.2000000000000017 3.0301388140545136 53.323906021913118 17.128524960455149 -1.4000000000000017 3.0308264478988631
-1.4000000000000017 3.0308264478988631 53.323906021913118 17.128524960455149 -1.6000000000000016 3.0315215885100377
-1.6000000000000016 3.0315215885100377 53.323906021913118 17.128524960455149 -1.8000000000000016 3.0322242247658013
-1.8000000000000016 3.0322242247658013 53.323906021913118 17.128524960455149 -2.0000000000000018 3.0329343454239899
-2.0000000000000018 3.0329343454239899 53.323906021913118 17.128524960455149 -2.200000000000002 3.0336519391226875
-2.200000000000002 3.0336519391226875 53.323906021913118 17.128524960455149 -2.4000000000000021 3.0343769943804104
-2.4000000000000021 3.0343769943804104 53.323906021913118 17.128524960455149 -2.6000000000000023 3.03510949959629
-2.6000000000000023 3.03510949959629 53.567123429916734 17.260893308921812 -2.8000000000000025 3.0358494430502585
-2.8000000000000025 3.0358494430502585 53.567123429916734 17.260893308921812 -3.0000000000000027 3.0365968129032361
-3.0000000000000027 3.0365968129032361 53.567123429916734 17.260893308921812 -3.2000000000000028 3.0373515971973211
-3.2000000000000028 3.0373515971973211 53.567123429916734 17.260893308921812 -3.400000000000003 3.0381137838559815
-3.400000000000003 3.0381137838559815 53.567123429916734 17.260893308921812 -3.6000000000000032 3.0388833606842467
-3.6000000000000032 3.0388833606842467 53.567123429916734 17.260893308921812 -3.8000000000000034 3.0396603153689035
-3.8000000000000034 3.0396603153689035 53.567123429916734 17.260893308921812 -4.0000000000000036 3.040444635478694
-4.0000000000000036 3.040444635478694 53.567123429916734 17.260893308921812 -4.2000000000000037 3.0412363084645131
-4.2000000000000037 3.0412363084645131 53.567123429916734 17.260893308921812 -4.4000000000000039 3.0420353216596094
-4.4000000000000039 3.0420353216596094 53.567123429916734 17.260893308921812 -4.6000000000000041 3.0428416622797894
-4.6000000000000041 3.0428416622797894 53.567123429916734 17.260893308921812 -4.8000000000000043 3.0436553174236205
-4.8000000000000043 3.0436553174236205 53.567123429916734 17.260893308921812 -5.0000000000000044 3.044476274072637
-5.0000000000000044 3.044476274072637 53.567123429916734 17.260893308921812 -5.2000000000000046 3.0453045190915509
-5.2000000000000046 3.0453045190915509 53.567123429916734 17.260893308921812 -5.4000000000000048 3.046140039228459
-5.4000000000000048 3.046140039228459 53.812967612536497 17.388379393001181 -5.600000000000005 3.0469828211150576
-5.600000000000005 3.0469828211150576 53.812967612536497 17.388379393001181 -5.8000000000000052 3.0478328512668531
-5.8000000000000052 3.0478328512668531 53.812967612536497 17.388379393001181 -6.0000000000000053 3.0486901160833826
-6.0000000000000053 3.0486901160833826 53.812967612536497 17.388379393001181 -6.2000000000000055 3.0495546018484267
-6.2000000000000055 3.0495546018484267 53.812967612536497 17.388379393001181 -6.4000000000000057 3.0504262947302321
-6.4000000000000057 3.0504262947302321 53.812967612536497 17.388379393001181 -6.6000000000000059 3.0513051807817306
-6.6000000000000059 3.0513051807817306 53.812967612536497 17.388379393001181 -6.800000000000006 3.0521912459407643
-6.800000000000006 3.0521912459407643 53.812967612536497 17.388379393001181 -7.0000000000000062 3.05308447603031
-7.0000000000000062 3.05308447603031 53.812967612536497 17.388379393001181 -7.2000000000000064 3.0539848567587051
-7.2000000000000064 3.0539848567587051 53.812967612536497 17.388379393001181 -7.4000000000000066 3.054892373719877
-7.4000000000000066 3.054892373719877 53.812967612536497 17.388379393001181 -7.6000000000000068 3.0558070123935734
-7.6000000000000068 3.0558070123935734 53.812967612536497 17.388379393001181 -7.8000000000000069 3.0567287581455957
-7.8000000000000069 3.0567287581455957 53.812967612536497 17.388379393001181 -8.0000000000000071 3.0576575962280312
-8.0000000000000071 3.0576575962280312 53.812967612536497 17.388379393001181 -8.2000000000000064 3.05859351177949
-8.2000000000000064 3.05859351177949 53.812967612536497 17.388379393001181 -8.4000000000000057 3.0595364898253443
-8.4000000000000057 3.0595364898253443 54.061340474995049 17.510931021691139 -8.600000000000005 3.0604865152779643
-8.600000000000005 3.0604865152779643 54.061340474995049 17.510931021691139 -8.8000000000000043 3.0614435729369642
-8.8000000000000043 3.0614435729369642 54.061340474995049 17.510931021691139 -9.0000000000000036 3.0624076474894406
-9.0000000000000036 3.0624076474894406 54.061340474995049 17.510931021691139 -9.2000000000000028 3.0633787235102226
-9.2000000000000028 3.0633787235102226 54.061340474995049 17.510931021691139 -9.4000000000000021 3.0643567854621132
-9.4000000000000021 3.0643567854621132 54.061340474995049 17.510931021691139 -9.6000000000000014 3.0653418176961429
-9.6000000000000014 3.0653418176961429 54.061340474995049 17.510931021691139 -9.8000000000000007 3.0663338044518169
74.139975400216116 -38.513804937397197 73.952071144422462 -36.860183660252602 73.951213067214098 -37.060183660252591
74.139975400216116 -38.513804937397197 73.952921988502155 -36.660183660252613 73.952071144422462 -36.860183660252602
74.139975400216116 -38.513804937397197 73.95376558583969 -36.460183660252625 73.952921988502155 -36.660183660252613
74.139975400216116 -38.513804937397197 73.954601922937542 -36.260183660252636 73.95376558583969 -36.460183660252625
74.139975400216116 -38.513804937397197 73.955430986414328 -36.060183660252648 73.954601922937542 -36.260183660252636
74.139975400216116 -38.513804937397197 73.95625276300504 -35.860183660252659 73.955430986414328 -36.060183660252648
74.139975400216116 -38.513804937397197 73.957067239561269 -35.66018366025267 73.95625276300504 -35.860183660252659
74.139975400216116 -38.513804937397197 73.957874403051434 -35.460183660252682 73.957067239561269 -35.66018366025267
74.139975400216116 -38.513804937397197 73.95867424056091 -35.260183660252693 73.957874403051434 -35.460183660252682
74.139975400216116 -38.513804937397197 73.95946673929231 -35.060183660252704 73.95867424056091 -35.260183660252693
74.139975400216116 -38.513804937397197 73.9602518865657 -34.860183660252716 73.95946673929231 -35.060183660252704
74.139975400216116 -38.513804937397197 73.961029669818714 -34.660183660252727 73.9602518865657 -34.860183660252716
74.139975400216116 -38.513804937397197 73.961800076606849 -34.460183660252738 73.961029669818714 -34.660183660252727
74.139975400216116 -38.513804937397197 73.962563094603624 -34.26018366025275 73.961800076606849 -34.460183660252738
74.139975400216116 -38.513804937397197 73.963318711600735 -34.060183660252761 73.962563094603624 -34.26018366025275
74.139975400216116 -38.513804937397197 73.964066915508354 -33.860183660252773 73.963318711600735 -34.060183660252761
74.139975400216116 -38.513804937397197 73.964807694355216 -33.660183660252784 73.964066915508354 -33.860183660252773
74.139975400216116 -38.513804937397197 73.965541036288897 -33.460183660252795 73.964807694355216 -33.660183660252784
74.139975400216116 -38.513804937397197 73.966266929575909 -33.260183660252807 73.965541036288897 -33.460183660252795
74.139975400216116 -38.513804937397197 73.966985362602017 -33.060183660252818 73.966266929575909 -33.260183660252807
74.139975400216116 -38.513804937397197 73.967696323872275 -32.860183660252829 73.966985362602017 -33.060183660252818
74.139975400216116 -38.513804937397197 73.968399802011334 -32.660183660252841 73.967696323872275 -32.860183660252829
74.139975400216116 -38.513804937397197 73.969095785763542 -32.460183660252852 73.968399802011334 -32.660183660252841
74.139975400216116 -38.513804937397197 73.969784263993191 -32.260183660252864 73.969095785763542 -32.460183660252852
74.139975400216116 -38.513804937397197 73.970465225684634 -32.060183660252875 73.969784263993191 -32.260183660252864
74.139975400216116 -38.513804937397197 73.971138659942511 -31.860183660252886 73.970465225684634 -32.060183660252875
74.139975400216116 -38.513804937397197 73.971804555991881 -31.660183660252898 73.971138659942511 -31.860183660252886
74.139975400216116 -38.513804937397197 73.97246290317841 -31.460183660252909 73.971804555991881 -31.660183660252898
74.139975400216116 -38.513804937397197 73.973113690968574 -31.26018366025292 73.97246290317841 -31.460183660252909
74.139975400216116 -38.513804937397197 73.973756908949781 -31.060183660252932 73.973113690968574 -31.26018366025292
74.139975400216116 -38.513804937397197 73.974392546830543 -30.860183660252943 73.973756908949781 -31.060183660252932
74.139975400216116 -38.513804937397197 73.975020594440679 -30.660183660252954 73.974392546830543 -30.860183660252943
74.139975400216116 -38.513804937397197 73.975641041731436 -30.460183660252966 73.975020594440679 -30.660183660252954
74.139975400216116 -38.513804937397197 73.97625387877568 -30.260183660252977 73.975641041731436 -30.460183660252966
74.139975400216116 -38.513804937397197 73.976859095768006 -30.060183660252989 73.97625387877568 -30.260183660252977
74.139975400216116 -38.513804937397197 73.977456683024997 -29.860183660253 73.976859095768006 -30.060183660252989
74.139975400216116 -38.513804937397197 73.978046630985219 -29.660183660253011 73.977456683024997 -29.860183660253
74.139975400216116 -38.513804937397197 73.978628930209567 -29.460183660253023 73.978046630985219 -29.660183660253011
74.139975400216116 -38.513804937397197 73.979203571381234 -29.260183660253034 73.978628930209567 -29.460183660253023
74.139975400216116 -38.513804937397197 73.979770545305968 -29.060183660253045 73.979203571381234 -29.260183660253034
74.139975400216116 -38.513804937397197 73.980329842912226 -28.860183660253057 73.979770545305968 -29.060183660253045
74.139975400216116 -38.513804937397197 73.98088145525125 -28.660183660253068 73.980329842912226 -28.860183660253057
74.139975400216116 -38.513804937397197 73.981425373497245 -28.46018366025308 73.98088145525125 -28.660183660253068
74.139975400216116 -38.513804937397197 73.981961588947527 -28.260183660253091 73.981425373497245 -28.46018366025308
74.139975400216116 -38.513804937397197 73.982490093022676 -28.060183660253102 73.981961588947527 -28.260183660253091
74.139975400216116 -38.513804937397197 73.983010877266622 -27.860183660253114 73.982490093022676 -28.060183660253102
74.139975400216116 -38.513804937397197 73.983523933346831 -27.660183660253125 73.983010877266622 -27.860183660253114
74.139975400216116 -38.513804937397197 73.98402925305443 -27.460183660253136 73.983523933346831 -27.660183660253125
74.139975400216116 -38.513804937397197 78.930534392762226 28.878924202899327 73.98402925305443 -27.460183660253136
73.98402925305443 -27.460183660253136 78.930534392762226 28.878924202899327 73.984526828304311 -27.260183660253148
73.984526828304311 -27.260183660253148 78.930534392762226 28.878924202899327 73.985016651135268 -27.060183660253159
73.985016651135268 -27.060183660253159 78.930534392762226 28.878924202899327 73.985498713710157 -26.860183660253171
73.985498713710157 -26.860183660253171 78.930534392762226 28.878924202899327 73.985973008315995 -26.660183660253182
73.985973008315995 -26.660183660253182 78.930534392762226 28.878924202899327 73.986439527364055 -26.460183660253193
73.986439527364055 -26.460183660253193 78.930534392762226 28.878924202899327 73.986898263390046 -26.260183660253205
73.986898263390046 -26.260183660253205 78.930534392762226 28.878924202899327 73.98734920905423 -26.060183660253216
73.98734920905423 -26.060183660253216 78.930534392762226 28.878924202899327 73.987792357141444 -25.860183660253227
73.987792357141444 -25.860183660253227 78.930534392762226 28.878924202899327 73.988227700561367 -25.660183660253239
73.988227700561367 -25.660183660253239 78.930534392762226 28.878924202899327 73.988655232348492 -25.46018366025325
73.988655232348492 -25.46018366025325 78.930534392762226 28.878924202899327 73.989074945662324 -25.260183660253261
73.989074945662324 -25.260183660253261 78.930534392762226 28.878924202899327 73.989486833787453 -25.060183660253273
73.989486833787453 -25.060183660253273 78.930534392762226 28.878924202899327 73.989890890133694 -24.860183660253284
73.989890890133694 -24.860183660253284 78.930534392762226 28.878924202899327 73.990287108236132 -24.660183660253296
